"Zeitstempel","Wie oft benutzt Du elektronische Seekarten?","Wie nutzt Du elektronische Seekarten?","Welche elektronischen Seekarten sind interessant für Dich?","Was findet Ihr gut gelungen an kommerziellen Seekarten?","Was findet Ihr schlecht an kommerziellen Seekarten?","Wie oft aktualisierst Du Seekarten?","Möchtest Du die Seekarte dauerhaft ohne Einschränkungen besitzen und verwenden?","Findet ihr die Lizenzbedingungen für kommerzielle  Seekarte fair?","Findest Du den Preis für kommerzielle Seekarten für Apps angemessen?","Findest Du den Preis für kommerzielle Seekarten für Plotter angemessen?","Welche elektronische Seekarte verwendest Du?","Welche Daten sind Dir besonders wichtig in Seekarten?","Welche Funktionen sollten elektronische Seekarten können?","Was ist Dir besonders wichtig bei elektronischen Seekarten?","Möchtest Du sonst noch etwas mitteilen?"
"2025/10/31 5:11:18 PM MEZ","Ausschließlich elektronische Seekarten","Ich plane meine Routen damit;Ich fahre nach den geplanten Routen;Ich benutze sie auch in Verbindung mit einem Autopiloten;Ich lasse mir Borddaten anzeigen","Online Live-Seekarten mit Cloudanbindung auf aktuellstem Stand;Freie Seekarten ohne Verschlüsseliung und Nutzungs-Einschränkungen;Standardsierte Seekarten, die in allen Geräten nutzbar sind;Offene Seekarten, die ich auch anderweitig verwenden kann","Layout der Karten;Funktionalität;Regelmäßige Updates","Updatezwang;Preis;Lizenzregeln","Sporadisch nach Bedarf","ja","nein","Ist angemessen","Ist zu teuer","Garmin / Boating (Navionics);NV-Charts;O-Charts;Freie Seekarten;Selbst erstellte oder eingescannte Seekarten","Landgebiete;Seegebiete;Hafeninformationen;Tiefenangaben;Tiefenlinien;Seezeichen;Ankerplätze;Gefahrenstellen","2D-Tiefenkontur;3D-Kontur am Tiefenmap;Überblendeffekte zu anderen Karten wie z.B. Satellitenbildern;Interaktive Informationen für Kartenobjekte;Überlagerung von Wetterdaten;Individuell gestaltbare Karten bzgl. Land- und Wassermassen;Einstellbare Tiefengrenze","Sie müssen universell verwendbar sein auf allen Geräten","nein"
"2025/10/31 5:18:14 PM MEZ","Ausschließlich elektronische Seekarten;Öfter in Verbindung mit Papierkarten","Ich plane meine Routen damit;Ich fahre nach den geplanten Routen","Als verschlüsselte Datei auf einem standardisierten Datenträger wie SD-Card;Seekarten fest verbunden mit Hardware","Layout der Karten;Funktionalität;Regelmäßige Updates","Preis;Lizenzregeln","Sporadisch nach Bedarf","ja","nein","Ist angemessen","Ist zu teuer","Garmin / Boating (Navionics);NV-Charts","Seegebiete;Tiefenangaben;Tiefenlinien;Seezeichen;Leuchtfeuer und Lichtsignale;Aktualitätsdatum der Seekarte;Ankerplätze;Gefahrenstellen","Interaktive Informationen für Kartenobjekte","automatische Routenplanung","nein"
"2025/10/31 5:20:25 PM MEZ","Ausschließlich elektronische Seekarten","Ich plane meine Routen damit;Ich fahre nach den geplanten Routen","Freie Seekarten ohne Verschlüsseliung und Nutzungs-Einschränkungen;Standardsierte Seekarten, die in allen Geräten nutzbar sind;Offene Seekarten, die ich auch anderweitig verwenden kann","Layout der Karten;Funktionalität;Regelmäßige Updates;Preis","Lizenzregeln","Sporadisch nach Bedarf","ja","ja","Ist angemessen","Ist angemessen","Garmin / Boating (Navionics)","Landgebiete;Seegebiete;Hafeninformationen;Tiefenlinien;Seezeichen;Leuchtfeuer und Lichtsignale;Tieden- und Strömungsdaten;Ankerplätze;Gefahrenstellen","Überlagerung von Wetterdaten;Überlagerung von Tieden und Strömungsdaten","Ich habe keine Meinung dazu","nein"
"2025/10/31 5:21:01 PM MEZ","Ausschließlich elektronische Seekarten;Öfter in Verbindung mit Papierkarten","Nur zur Anzeige des Standortes;Ich plane meine Routen damit;Ich fahre nach den geplanten Routen;Ich benutze sie auch in Verbindung mit einem Autopiloten;Ich lasse mir Borddaten anzeigen","Freie Seekarten ohne Verschlüsseliung und Nutzungs-Einschränkungen;Offene Seekarten, die ich auch anderweitig verwenden kann","Layout der Karten","Funktionalität;Updatezwang;Herstellersupport;Preis;Lizenzregeln","Sporadisch nach Bedarf","ja","nein","Ist zu teuer","Ist zu teuer","O-Charts;Elektronische Seekarten des Plotterherstellers;Freie Seekarten;Selbst erstellte oder eingescannte Seekarten","Seegebiete;Hafeninformationen;Tiefenangaben;Tiefenlinien;Seezeichen;Leuchtfeuer und Lichtsignale;Tieden- und Strömungsdaten;Ankerplätze;Gefahrenstellen","2D-Tiefenkontur;Überblendeffekte zu anderen Karten wie z.B. Satellitenbildern;Überlagerung von Wetterdaten;Überlagerung von Tieden und Strömungsdaten;Hervorhebung von Sperrzonen","Aktualität und Wahrheitsgrad","nein"
"2025/10/31 5:26:48 PM MEZ","Öfter in Verbindung mit Papierkarten","Nur zur Anzeige des Standortes;Ich benutze sie auch in Verbindung mit einem Autopiloten","Freie Seekarten ohne Verschlüsseliung und Nutzungs-Einschränkungen;Standardsierte Seekarten, die in allen Geräten nutzbar sind","Layout der Karten;Regelmäßige Updates;Layout am liebsten: NV","Preis;Lizenzregeln","Ein Mal im Jahr","ja","nein","Ist angemessen","Ist zu teuer","NV-Charts;Freie Seekarten;Orca (inzwischen ohne Update)","Seegebiete;Tiefenangaben;Tiefenlinien;Seezeichen;Leuchtfeuer und Lichtsignale;Aktualitätsdatum der Seekarte;Ankerplätze","2D-Tiefenkontur;Interaktive Informationen für Kartenobjekte;Überlagerung von Tieden und Strömungsdaten;Einstellbare Tiefengrenze;Hervorhebung von Sperrzonen","Ich habe keine Meinung dazu",""
"2025/10/31 5:27:43 PM MEZ","Ausschließlich elektronische Seekarten","Nur zur Anzeige des Standortes;Ich plane meine Routen damit;Ich fahre nach den geplanten Routen","Als verschlüsselte Datei auf einem standardisierten Datenträger wie SD-Card;Standardsierte Seekarten, die in allen Geräten nutzbar sind;Offene Seekarten, die ich auch anderweitig verwenden kann;Eigene AT5 Karten aus öffentlichen Quellen","Funktionalität;Regelmäßige Updates","Updatezwang","Jedes halbe Jahr","ja","ja","Ist zu teuer","Ist angemessen","Garmin / Boating (Navionics);Freie Seekarten;Selbst erstellte oder eingescannte Seekarten","Seegebiete;Tiefenangaben;Tiefenlinien;Seezeichen;Leuchtfeuer und Lichtsignale;Gefahrenstellen","2D-Tiefenkontur;Überblendeffekte zu anderen Karten wie z.B. Satellitenbildern;Interaktive Informationen für Kartenobjekte;Einstellbare Tiefengrenze;Hervorhebung von Sperrzonen","Ich habe keine Meinung dazu","nein"
"2025/10/31 5:29:32 PM MEZ","Ausschließlich elektronische Seekarten","Ich plane meine Routen damit;Ich benutze sie auch in Verbindung mit einem Autopiloten;Ich lasse mir Borddaten anzeigen","Online Live-Seekarten mit Cloudanbindung auf aktuellstem Stand;Freie Seekarten ohne Verschlüsseliung und Nutzungs-Einschränkungen;Standardsierte Seekarten, die in allen Geräten nutzbar sind;Offene Seekarten, die ich auch anderweitig verwenden kann","Layout der Karten;Funktionalität;Regelmäßige Updates","Updatezwang;Preis;Lizenzregeln","Sporadisch nach Bedarf","ja","nein","Ist angemessen","Ist angemessen","Garmin / Boating (Navionics);C-Map;O-Charts;Freie Seekarten;Selbst erstellte oder eingescannte Seekarten","Seegebiete;Hafeninformationen;Tiefenangaben;Tiefenlinien;Seezeichen;Leuchtfeuer und Lichtsignale;Ankerplätze;Gefahrenstellen","2D-Tiefenkontur;Überblendeffekte zu anderen Karten wie z.B. Satellitenbildern;Interaktive Informationen für Kartenobjekte;Überlagerung von Wetterdaten;Überlagerung von Tieden und Strömungsdaten;Individuell gestaltbare Karten bzgl. Land- und Wassermassen;Einstellbare Tiefengrenze;Hervorhebung von Sperrzonen","Ich habe keine Meinung dazu","nein"
"2025/10/31 5:46:51 PM MEZ","Ausschließlich elektronische Seekarten","Ich plane meine Routen damit;Ich fahre nach den geplanten Routen;Ich benutze sie auch in Verbindung mit einem Autopiloten","Online Live-Seekarten mit Cloudanbindung auf aktuellstem Stand;Als verschlüsselte Datei auf einem standardisierten Datenträger wie SD-Card;Freie Seekarten ohne Verschlüsseliung und Nutzungs-Einschränkungen;Standardsierte Seekarten, die in allen Geräten nutzbar sind","Layout der Karten;Funktionalität;Regelmäßige Updates","Updatezwang;Herstellersupport;Preis;Lizenzregeln","Sporadisch nach Bedarf","ja","nein","Ist zu teuer","Ist zu teuer","Raymarine","Seegebiete;Tiefenangaben;Seezeichen;Leuchtfeuer und Lichtsignale;Tieden- und Strömungsdaten;Aktualitätsdatum der Seekarte;Ankerplätze;Gefahrenstellen","2D-Tiefenkontur;Überlagerung von Tieden und Strömungsdaten;Einstellbare Tiefengrenze;Hervorhebung von Sperrzonen","Aktualisierung zeitnah zur Realität","nein"
"2025/10/31 5:53:06 PM MEZ","Ausschließlich elektronische Seekarten","Ich plane meine Routen damit;Ich fahre nach den geplanten Routen;Ich lasse mir Borddaten anzeigen","Freie Seekarten ohne Verschlüsseliung und Nutzungs-Einschränkungen","Layout der Karten;Funktionalität","Updatezwang;Preis","Sporadisch nach Bedarf","ja","ja","Ist zu teuer","Ist zu teuer","Garmin / Boating (Navionics);Freie Seekarten","Tiefenlinien;Seezeichen;Aktualitätsdatum der Seekarte","Individuell gestaltbare Karten bzgl. Land- und Wassermassen;Einstellbare Tiefengrenze","schönes Layout, einstellbare Tiefengrenze mit klarer Abgrenzung : wie zB Garmin : >2m weiss, <2m blau, ","weiter so und vielen Dank"
"2025/10/31 5:53:18 PM MEZ","Öfter in Verbindung mit Papierkarten","Ich plane meine Routen damit;Ich benutze sie auch in Verbindung mit einem Autopiloten;Ich lasse mir Borddaten anzeigen","Online Live-Seekarten mit Cloudanbindung auf aktuellstem Stand;Seekarten fest verbunden mit Hardware;Standardsierte Seekarten, die in allen Geräten nutzbar sind","Layout der Karten;Funktionalität;Regelmäßige Updates;Preis","Herstellersupport;Lizenzregeln","Sporadisch nach Bedarf","ja","nein","Ist zu teuer","Ist zu teuer","Raymarine;Orca","Seegebiete;Hafeninformationen;Tiefenangaben;Tiefenlinien;Seezeichen;Leuchtfeuer und Lichtsignale;Tieden- und Strömungsdaten;Ankerplätze;Gefahrenstellen;Winddaten","2D-Tiefenkontur;Überlagerung von Wetterdaten;Überlagerung von Tieden und Strömungsdaten","Ich habe keine Meinung dazu","nein"
"2025/10/31 5:53:50 PM MEZ","Ausschließlich elektronische Seekarten","Ich plane meine Routen damit;Ich fahre nach den geplanten Routen","Online Live-Seekarten mit Cloudanbindung auf aktuellstem Stand;Als verschlüsselte Datei auf einem propritären Datenträger, Nutzung eingeschränkt;Freie Seekarten ohne Verschlüsseliung und Nutzungs-Einschränkungen;Offene Seekarten, die ich auch anderweitig verwenden kann","Layout der Karten","Preis;keine Nutzung nach Ablauf","Sporadisch nach Bedarf","ja","ja","Ist angemessen","Ist angemessen","O-Charts;Freie Seekarten;ANWB waterkaarten","Landgebiete;Seegebiete;Hafeninformationen;Tiefenangaben;Tiefenlinien;Seezeichen;Leuchtfeuer und Lichtsignale;Tieden- und Strömungsdaten;Aktualitätsdatum der Seekarte;Gefahrenstellen","2D-Tiefenkontur;Überblendeffekte zu anderen Karten wie z.B. Satellitenbildern;Interaktive Informationen für Kartenobjekte;Überlagerung von Wetterdaten;Überlagerung von Tieden und Strömungsdaten;Individuell gestaltbare Karten bzgl. Land- und Wassermassen;Einstellbare Tiefengrenze;Hervorhebung von Sperrzonen","Ich habe keine Meinung dazu","nein"
"2025/10/31 5:56:04 PM MEZ","Ausschließlich elektronische Seekarten","Ich plane meine Routen damit;Ich fahre nach den geplanten Routen;Ich benutze sie auch in Verbindung mit einem Autopiloten","Als verschlüsselte Datei auf einem standardisierten Datenträger wie SD-Card","Regelmäßige Updates","Layout der Karten;Preis","Sporadisch nach Bedarf","ja","ja","Ist angemessen","Ist zu teuer","Garmin / Boating (Navionics);NV-Charts","Seegebiete;Hafeninformationen;Tiefenangaben;Tiefenlinien;Seezeichen;Tieden- und Strömungsdaten","Überblendeffekte zu anderen Karten wie z.B. Satellitenbildern;Einstellbare Tiefengrenze;Hervorhebung von Sperrzonen","aktualität","nein"
"2025/10/31 5:56:37 PM MEZ","Öfter in Verbindung mit Papierkarten","Ich plane meine Routen damit;Ich fahre nach den geplanten Routen;Ich lasse mir Borddaten anzeigen","Als verschlüsselte Datei auf einem standardisierten Datenträger wie SD-Card;Freie Seekarten ohne Verschlüsseliung und Nutzungs-Einschränkungen;Standardsierte Seekarten, die in allen Geräten nutzbar sind;Offene Seekarten, die ich auch anderweitig verwenden kann","Farbigkeit","Layout der Karten;Funktionalität;Updatezwang;Herstellersupport;Preis;Lizenzregeln","Ein Mal im Jahr","ja","nein","Ist zu teuer","Ist zu teuer","Garmin / Boating (Navionics);Raymarine;Freie Seekarten","Seegebiete;Tiefenangaben;Tiefenlinien;Seezeichen;Leuchtfeuer und Lichtsignale;Aktualitätsdatum der Seekarte;Ankerplätze;Gefahrenstellen","Hervorhebung von Sperrzonen","Nutzung auf Plotter","nein"
"2025/10/31 5:59:38 PM MEZ","Ausschließlich elektronische Seekarten","Ich plane meine Routen damit;Ich lasse mir Borddaten anzeigen","Freie Seekarten ohne Verschlüsseliung und Nutzungs-Einschränkungen;Standardsierte Seekarten, die in allen Geräten nutzbar sind;Offene Seekarten, die ich auch anderweitig verwenden kann","Funktionalität;Regelmäßige Updates","Preis;Lizenzregeln;Bindung an einige wenige Hersteller/Software","Sporadisch nach Bedarf","ja","nein","Ist angemessen","Ist zu teuer","NV-Charts;O-Charts;Freie Seekarten;Selbst erstellte oder eingescannte Seekarten","Seegebiete;Hafeninformationen;Tiefenangaben;Tiefenlinien;Seezeichen;Leuchtfeuer und Lichtsignale;Aktualitätsdatum der Seekarte;Ankerplätze;Gefahrenstellen","2D-Tiefenkontur;Interaktive Informationen für Kartenobjekte;Individuell gestaltbare Karten bzgl. Land- und Wassermassen;Einstellbare Tiefengrenze;Hervorhebung von Sperrzonen","Ich habe keine Meinung dazu","nein"
"2025/10/31 6:00:30 PM MEZ","Ausschließlich elektronische Seekarten","Ich plane meine Routen damit;Ich fahre nach den geplanten Routen;Ich benutze sie auch in Verbindung mit einem Autopiloten;Ich lasse mir Borddaten anzeigen","Als verschlüsselte Datei auf einem standardisierten Datenträger wie SD-Card;Freie Seekarten ohne Verschlüsseliung und Nutzungs-Einschränkungen","Layout der Karten;Funktionalität;Regelmäßige Updates","Updatezwang;Herstellersupport;Preis;Lizenzregeln","Sporadisch nach Bedarf","ja","nein","Ist zu teuer","Ist angemessen","Garmin / Boating (Navionics)","Seegebiete;Tiefenangaben;Tiefenlinien;Seezeichen;Leuchtfeuer und Lichtsignale;Tieden- und Strömungsdaten;Aktualitätsdatum der Seekarte;Gefahrenstellen","2D-Tiefenkontur;Interaktive Informationen für Kartenobjekte;Überlagerung von Tieden und Strömungsdaten;Einstellbare Tiefengrenze;Hervorhebung von Sperrzonen","Aktualität","nein"
"2025/10/31 6:00:35 PM MEZ","Ausschließlich elektronische Seekarten","Ich plane meine Routen damit;Ich fahre nach den geplanten Routen;Ich benutze sie auch in Verbindung mit einem Autopiloten;Ich lasse mir Borddaten anzeigen","Egal, kommt auf Kosten und Leistung an","Layout der Karten;Funktionalität;Regelmäßige Updates","Preis","Sporadisch nach Bedarf","ja","nein","Ist zu teuer","Ist zu teuer","Garmin / Boating (Navionics);Elektronische Seekarten des Plotterherstellers","Seegebiete;Hafeninformationen;Tiefenangaben;Tiefenlinien;Seezeichen;Ankerplätze;Gefahrenstellen","2D-Tiefenkontur;Interaktive Informationen für Kartenobjekte;Einstellbare Tiefengrenze;Hervorhebung von Sperrzonen","Ich habe keine Meinung dazu","nein"
"2025/10/31 6:03:39 PM MEZ","Öfter in Verbindung mit Papierkarten","Ich plane meine Routen damit;Ich fahre nach den geplanten Routen","Freie Seekarten ohne Verschlüsseliung und Nutzungs-Einschränkungen;Standardsierte Seekarten, die in allen Geräten nutzbar sind;Offene Seekarten, die ich auch anderweitig verwenden kann","Layout der Karten;Funktionalität","Herstellersupport;Preis","Sporadisch nach Bedarf","ja","nein","Ist zu teuer","Ist angemessen","C-Map","Seegebiete;Hafeninformationen;Tiefenangaben;Tiefenlinien;Seezeichen;Leuchtfeuer und Lichtsignale;Tieden- und Strömungsdaten;Aktualitätsdatum der Seekarte;Ankerplätze;Gefahrenstellen","2D-Tiefenkontur;Überlagerung von Wetterdaten;Überlagerung von Tieden und Strömungsdaten","onlineaktualisierung","nein"
"2025/10/31 6:03:50 PM MEZ","Ausschließlich elektronische Seekarten","Ich plane meine Routen damit;Ich fahre nach den geplanten Routen;Ich lasse mir Borddaten anzeigen","Freie Seekarten ohne Verschlüsseliung und Nutzungs-Einschränkungen;Standardsierte Seekarten, die in allen Geräten nutzbar sind;Offene Seekarten, die ich auch anderweitig verwenden kann","Layout der Karten;Funktionalität;Regelmäßige Updates","  ","Jedes halbe Jahr","ja","ja","Ist zu teuer","Ist zu teuer","O-Charts","Seegebiete;Hafeninformationen;Tiefenangaben;Tiefenlinien;Seezeichen;Leuchtfeuer und Lichtsignale;Tieden- und Strömungsdaten;Aktualitätsdatum der Seekarte;Ankerplätze;Gefahrenstellen","2D-Tiefenkontur;Überblendeffekte zu anderen Karten wie z.B. Satellitenbildern;Interaktive Informationen für Kartenobjekte;Überlagerung von Tieden und Strömungsdaten;Einstellbare Tiefengrenze;Hervorhebung von Sperrzonen","Aktualität und Genauigkeit (Tiefen, Seezeichen, ...)","Ich aktualisiere Seekarten vor jedem größeren Törn, also einmal im Monat oder öfter."
"2025/10/31 6:06:09 PM MEZ","Öfter in Verbindung mit Papierkarten","Ich plane meine Routen damit;Ich fahre nach den geplanten Routen;Ich benutze sie auch in Verbindung mit einem Autopiloten","Freie Seekarten ohne Verschlüsseliung und Nutzungs-Einschränkungen;Standardsierte Seekarten, die in allen Geräten nutzbar sind;Offene Seekarten, die ich auch anderweitig verwenden kann","Regelmäßige Updates","Lizenzregeln","Sporadisch nach Bedarf","ja","nein","Ist angemessen","Ist angemessen","C-Map","Seegebiete;Hafeninformationen;Tiefenangaben;Tiefenlinien;Seezeichen;Leuchtfeuer und Lichtsignale;Tieden- und Strömungsdaten;Aktualitätsdatum der Seekarte;Ankerplätze;Gefahrenstellen","2D-Tiefenkontur;Überblendeffekte zu anderen Karten wie z.B. Satellitenbildern;Interaktive Informationen für Kartenobjekte;Überlagerung von Wetterdaten;Überlagerung von Tieden und Strömungsdaten;Individuell gestaltbare Karten bzgl. Land- und Wassermassen;Einstellbare Tiefengrenze;Hervorhebung von Sperrzonen","Ich habe keine Meinung dazu","nein"
"2025/10/31 6:07:23 PM MEZ","Öfter in Verbindung mit Papierkarten","Ich plane meine Routen damit;Ich fahre nach den geplanten Routen;Ich benutze sie auch in Verbindung mit einem Autopiloten;Ich lasse mir Borddaten anzeigen","Online Live-Seekarten mit Cloudanbindung auf aktuellstem Stand;Als verschlüsselte Datei auf einem propritären Datenträger, Nutzung eingeschränkt;Als verschlüsselte Datei auf einem standardisierten Datenträger wie SD-Card;Freie Seekarten ohne Verschlüsseliung und Nutzungs-Einschränkungen;Seekarten fest verbunden mit Hardware;Standardsierte Seekarten, die in allen Geräten nutzbar sind;Offene Seekarten, die ich auch anderweitig verwenden kann","Regelmäßige Updates","Updatezwang;Herstellersupport;Preis;Lizenzregeln","Sporadisch nach Bedarf","ja","nein","Ist zu teuer","Ist zu teuer","Garmin / Boating (Navionics);NV-Charts;Freie Seekarten","Seegebiete;Hafeninformationen;Tiefenangaben;Tiefenlinien;Seezeichen;Leuchtfeuer und Lichtsignale;Tieden- und Strömungsdaten;Aktualitätsdatum der Seekarte;Ankerplätze;Gefahrenstellen","2D-Tiefenkontur;3D-Kontur am Tiefenmap;Überblendeffekte zu anderen Karten wie z.B. Satellitenbildern;Interaktive Informationen für Kartenobjekte;Überlagerung von Wetterdaten;Überlagerung von Tieden und Strömungsdaten;Einstellbare Tiefengrenze;Hervorhebung von Sperrzonen","Ich habe keine Meinung dazu","nein"
"2025/10/31 6:13:04 PM MEZ","Ausschließlich elektronische Seekarten","Ich plane meine Routen damit;Ständige Anzeige des aktuellen Standortes auf der Karte, Orientierung per Blick auf die Karte (genau wie bei Papierkarten) ","Egal, Hauptsache gute Auflösung der Wassertiefen und allgemein aktuelle Informationen in der Karte ","Kann nicht allgemein beantwortet werden, da jeder Hersteller dies anders handhabt bzw. auch das Layout herstellerspezifisch ist. Layout von NV ist zb gut, Navionics schlecht, allerdings ist dies subjektiv ","Kann nicht allgemein beantwortet werden, da jeder Hersteller dies anders handhabt bzw. auch das Layout herstellerspezifisch ist. Layout von NV ist zb gut, Navionics schlecht, allerdings ist dies subjektiv  ","Sporadisch nach Bedarf","ja","nein","Ist angemessen","Ist angemessen","NV-Charts;O-Charts;Eniro / Skippo / Hydrografika ","Landgebiete;Seegebiete;Tiefenangaben;Tiefenlinien;Seezeichen;Leuchtfeuer und Lichtsignale;Aktualitätsdatum der Seekarte","2D-Tiefenkontur;Einstellbare Tiefengrenze","Gutes Layout (zb wie nv Charts) ","Freie Karten würde ich nur verwenden, wenn der Erstellungsprozess absolut nachvollziehbar ist. Seekarten haben sehr viel mit Vertrauen in die Entscheidungen des Erstellers zu tun. Hier wäre ich ggü einem open source Projekt erst einmal vorsichtig. Die Idee ist super, es muss aber sehr gut und transparent dokumentiert sein, was die zugrunde liegenden Daten sind und wie diese aufbereitet werden. Die Fragen zu Lizenzbedingungen und zum Preis sind nicht pauschal zu beantworten. Da diese aber für die Umfrage beantwortet werden müssen, habe ich ""nein"" bzw ""angemessen"" gewählt. "
"2025/10/31 6:14:39 PM MEZ","Ausschließlich elektronische Seekarten","Ich plane meine Routen damit;Ich fahre nach den geplanten Routen;Ich lasse mir Borddaten anzeigen","Als verschlüsselte Datei auf einem standardisierten Datenträger wie SD-Card;Freie Seekarten ohne Verschlüsseliung und Nutzungs-Einschränkungen;Offene Seekarten, die ich auch anderweitig verwenden kann","Layout der Karten;Funktionalität;Regelmäßige Updates","Preis;Lizenzregeln","Sporadisch nach Bedarf","ja","nein","Ist zu teuer","Ist zu teuer","C-Map;Freie Seekarten","Seegebiete;Hafeninformationen;Tiefenangaben;Tiefenlinien;Seezeichen;Leuchtfeuer und Lichtsignale;Ankerplätze;Gefahrenstellen","2D-Tiefenkontur;Interaktive Informationen für Kartenobjekte;Überlagerung von Wetterdaten;Überlagerung von Tieden und Strömungsdaten;Einstellbare Tiefengrenze;Hervorhebung von Sperrzonen","Aktualität & Preis","bei häufig wechselnden Revieren ist der Preis für die E-Seekarte zu hoch"
"2025/10/31 6:15:35 PM MEZ","Ausschließlich elektronische Seekarten;Öfter in Verbindung mit Papierkarten","Nur zur Anzeige des Standortes;Ich plane meine Routen damit","Als verschlüsselte Datei auf einem propritären Datenträger, Nutzung eingeschränkt","Layout der Karten;Regelmäßige Updates","Herstellersupport;Preis","Ein Mal im Jahr","ja","ja","Ist zu teuer","Ist zu teuer","Garmin / Boating (Navionics);C-Map","Tiefenangaben;Tiefenlinien;Aktualitätsdatum der Seekarte","2D-Tiefenkontur;Einstellbare Tiefengrenze","Tiefenangabe und tiefendata von Hydrographica (Schweden)",""
"2025/10/31 6:19:21 PM MEZ","Öfter in Verbindung mit Papierkarten","Nur zur Anzeige des Standortes","Als verschlüsselte Datei auf einem standardisierten Datenträger wie SD-Card;Standardsierte Seekarten, die in allen Geräten nutzbar sind","Layout der Karten;Funktionalität;Regelmäßige Updates","Lizenzregeln","Überhaupt nicht","ja","nein","Ist angemessen","Ist angemessen","Garmin / Boating (Navionics)","Landgebiete;Seegebiete;Hafeninformationen;Tiefenangaben;Tiefenlinien;Seezeichen;Leuchtfeuer und Lichtsignale;Tieden- und Strömungsdaten;Ankerplätze;Gefahrenstellen","Überlagerung von Wetterdaten;Überlagerung von Tieden und Strömungsdaten;Hervorhebung von Sperrzonen","Ich habe keine Meinung dazu","nein"
"2025/10/31 6:24:01 PM MEZ","Ausschließlich elektronische Seekarten;Öfter in Verbindung mit Papierkarten","Nur zur Anzeige des Standortes;Ich plane meine Routen damit;Ich lasse mir Borddaten anzeigen","Freie Seekarten ohne Verschlüsseliung und Nutzungs-Einschränkungen;Seekarten fest verbunden mit Hardware;Standardsierte Seekarten, die in allen Geräten nutzbar sind;Offene Seekarten, die ich auch anderweitig verwenden kann","Layout der Karten;Funktionalität;Regelmäßige Updates","Updatezwang","Sporadisch nach Bedarf","ja","ja","Ist angemessen","Ist angemessen","NV-Charts;O-Charts;Selbst erstellte oder eingescannte Seekarten","Landgebiete;Seegebiete;Hafeninformationen;Tiefenangaben;Tiefenlinien;Seezeichen;Leuchtfeuer und Lichtsignale;Tieden- und Strömungsdaten;Ankerplätze;Gefahrenstellen","2D-Tiefenkontur;Überblendeffekte zu anderen Karten wie z.B. Satellitenbildern;Interaktive Informationen für Kartenobjekte;Überlagerung von Wetterdaten;Überlagerung von Tieden und Strömungsdaten;Einblendung von NMEA-Daten, Trackingfunktion","muss stabil und flüssig laufen (auch auf Low-Tech/alter Hardware)",""
"2025/10/31 6:26:13 PM MEZ","Öfter in Verbindung mit Papierkarten","Ich plane meine Routen damit;Ich fahre nach den geplanten Routen;Ich benutze sie auch in Verbindung mit einem Autopiloten","Als verschlüsselte Datei auf einem standardisierten Datenträger wie SD-Card;Standardsierte Seekarten, die in allen Geräten nutzbar sind","Layout der Karten;Funktionalität;Regelmäßige Updates","Preis;Lizenzregeln","Sporadisch nach Bedarf","ja","nein","Ist zu teuer","Ist angemessen","Garmin / Boating (Navionics)","Seegebiete;Hafeninformationen;Tiefenangaben;Tiefenlinien;Seezeichen;Leuchtfeuer und Lichtsignale;Gefahrenstellen","2D-Tiefenkontur;Überblendeffekte zu anderen Karten wie z.B. Satellitenbildern;Einstellbare Tiefengrenze;Hervorhebung von Sperrzonen","Zusammenarbeit zwischen Plotter und iPad/iPhone; Vektorkarten, zoomen ohne Brüche; Aktualität","nein"
"2025/10/31 6:27:51 PM MEZ","Ausschließlich elektronische Seekarten;Öfter in Verbindung mit Papierkarten","Ich plane meine Routen damit;Ich fahre nach den geplanten Routen;Ich benutze sie auch in Verbindung mit einem Autopiloten;Ich lasse mir Borddaten anzeigen","Freie Seekarten ohne Verschlüsseliung und Nutzungs-Einschränkungen;Standardsierte Seekarten, die in allen Geräten nutzbar sind;Offene Seekarten, die ich auch anderweitig verwenden kann","Funktionalität;Regelmäßige Updates;Herstellersupport","Layout der Karten;Lizenzregeln","Sporadisch nach Bedarf","ja","nein","Ist angemessen","Ist zu teuer","Garmin / Boating (Navionics);Elektronische Seekarten des Plotterherstellers;Freie Seekarten","Seegebiete;Hafeninformationen;Tiefenangaben;Tiefenlinien;Seezeichen;Leuchtfeuer und Lichtsignale;Tieden- und Strömungsdaten;Aktualitätsdatum der Seekarte;Ankerplätze;Gefahrenstellen","2D-Tiefenkontur;Überblendeffekte zu anderen Karten wie z.B. Satellitenbildern;Interaktive Informationen für Kartenobjekte;Überlagerung von Tieden und Strömungsdaten;Einstellbare Tiefengrenze;Hervorhebung von Sperrzonen","Zuverlässig bzw. aktuell","nein"
"2025/10/31 6:28:50 PM MEZ","Ausschließlich elektronische Seekarten","Ich plane meine Routen damit;Ich fahre nach den geplanten Routen;Ich benutze sie auch in Verbindung mit einem Autopiloten","Seekarten fest verbunden mit Hardware","Preis","Lizenzregeln","Jedes halbe Jahr","nein","ja","Ist angemessen","Ist zu teuer","Garmin / Boating (Navionics)","Seegebiete;Hafeninformationen;Tiefenangaben;Tiefenlinien;Seezeichen;Leuchtfeuer und Lichtsignale;Tieden- und Strömungsdaten;Ankerplätze;Gefahrenstellen","Überlagerung von Tieden und Strömungsdaten;Einstellbare Tiefengrenze","Ich habe keine Meinung dazu","nein"
"2025/10/31 6:32:56 PM MEZ","Gelegentlich","Vorplanung, Nachbetrachtung; aktuelle Navi eigentlich (bisher) nur mit Papierkarten","Freie Seekarten ohne Verschlüsseliung und Nutzungs-Einschränkungen;Standardsierte Seekarten, die in allen Geräten nutzbar sind;Offene Seekarten, die ich auch anderweitig verwenden kann;Verschlüsselung möchte ich wg. potenziellen technischen Problemen nicht, bin aber gerne bereit, zu zahlen ","Layout der Karten;kenne elektronisch nur NV (und natürlich Papierkarten)","Herstellersupport;Lizenzregeln;Unklarheit in Bezug auf öffizielle Korrekturen ","Sporadisch nach Bedarf","ja","nein","Ist angemessen","Ist angemessen","NV-Charts;Freie Seekarten","Seegebiete;Tiefenangaben;Tiefenlinien;Seezeichen;Leuchtfeuer und Lichtsignale;Tieden- und Strömungsdaten;Aktualitätsdatum der Seekarte;Gefahrenstellen;Übereinstimmung zu offiziellen Unterlagen","Interaktive Informationen für Kartenobjekte;Überlagerung von Wetterdaten;Überlagerung von Tieden und Strömungsdaten;Hervorhebung von Sperrzonen","Übereinstimmung zu offiziellen Unterlagen UND vernünftiges Lizenz-/Udatekonzept","Als Informatiker habe ich keine Angst vor Technik. Aber eine erhebliche Unlust zu den aktuellen kommerziellen Angeboten. "
"2025/10/31 6:39:16 PM MEZ","Ausschließlich elektronische Seekarten","Nur zur Anzeige des Standortes;Ich plane meine Routen damit;Ich fahre nach den geplanten Routen;Ich benutze sie auch in Verbindung mit einem Autopiloten;Ich lasse mir Borddaten anzeigen;Das 'Nur' der ersten Option muss (man sich) weg(denken)","Freie Seekarten ohne Verschlüsseliung und Nutzungs-Einschränkungen;Standardsierte Seekarten, die in allen Geräten nutzbar sind;Offene Seekarten, die ich auch anderweitig verwenden kann","Funktionalität;Orca: Schönes Layout, Garmin Bluechart: 'Geht so'-Layout","Koppelung von Hardware und Daten","Sporadisch nach Bedarf","ja","ja","Ist angemessen","Ist zu teuer","Garmin / Boating (Navionics);Elektronische Seekarten des Plotterherstellers;Orca; Garmin als BlueChart; Navionics auf dem heimischen Sofa","Seegebiete;Hafeninformationen;Tiefenangaben;Tiefenlinien;Seezeichen;Leuchtfeuer und Lichtsignale;Gefahrenstellen;Karten sind m.E. 'statisch', Tide, Wetter 'dynamisch', deren Mischung aber ist 'Hardware'","2D-Tiefenkontur;Interaktive Informationen für Kartenobjekte;Überlagerung von Wetterdaten;Individuell gestaltbare Karten bzgl. Land- und Wassermassen;Einstellbare Tiefengrenze;Hervorhebung von Sperrzonen;Karten sind m.E. 'statisch', Tide, Wetter 'dynamisch', deren Mischung aber ist 'Hardware'","Ich habe keine Meinung dazu","Ich verstehe '3D-Kontur...' nicht. M.E. hat die Ein-/Überblendung von Wetter, Strömung, Tide, Sat... nichts mit Seekarten zu tun, sondern mit Hard/Software des Anzeigegeräts. Aber dennoch: gerne!"
"2025/10/31 6:48:04 PM MEZ","Ausschließlich elektronische Seekarten","Nur zur Anzeige des Standortes;Ich lasse mir Borddaten anzeigen","Standardsierte Seekarten, die in allen Geräten nutzbar sind","Layout der Karten;Funktionalität;Preis","Lizenzregeln","Ein Mal im Jahr","ja","nein","Ist zu teuer","Ist zu teuer","Garmin / Boating (Navionics);Kartenwerft Flensburg","Landgebiete;Hafeninformationen;Tiefenangaben;Tiefenlinien;Seezeichen;Leuchtfeuer und Lichtsignale;Aktualitätsdatum der Seekarte;Gefahrenstellen","2D-Tiefenkontur;Überblendeffekte zu anderen Karten wie z.B. Satellitenbildern;Interaktive Informationen für Kartenobjekte;Einstellbare Tiefengrenze;Hervorhebung von Sperrzonen","Hafen Luftbilder Info zur Umgebung ","nein"
"2025/10/31 6:50:42 PM MEZ","Ausschließlich elektronische Seekarten","Nur zur Anzeige des Standortes;Ich plane meine Routen damit","Online Live-Seekarten mit Cloudanbindung auf aktuellstem Stand;Als verschlüsselte Datei auf einem propritären Datenträger, Nutzung eingeschränkt;Als verschlüsselte Datei auf einem standardisierten Datenträger wie SD-Card;Freie Seekarten ohne Verschlüsseliung und Nutzungs-Einschränkungen;Seekarten fest verbunden mit Hardware;Standardsierte Seekarten, die in allen Geräten nutzbar sind;Offene Seekarten, die ich auch anderweitig verwenden kann","Layout der Karten;Funktionalität;Regelmäßige Updates;Herstellersupport;Preis","Updatezwang;Preis","Sporadisch nach Bedarf","ja","ja","Ist angemessen","Ist angemessen","Freie Seekarten","Landgebiete;Seegebiete;Hafeninformationen;Tiefenangaben;Seezeichen;Leuchtfeuer und Lichtsignale;Ankerplätze;Gefahrenstellen","2D-Tiefenkontur","Ich habe keine Meinung dazu","nein"
"2025/10/31 6:52:03 PM MEZ","Öfter in Verbindung mit Papierkarten","Nur zur Anzeige des Standortes","Online Live-Seekarten mit Cloudanbindung auf aktuellstem Stand;Freie Seekarten ohne Verschlüsseliung und Nutzungs-Einschränkungen;Standardsierte Seekarten, die in allen Geräten nutzbar sind;Offene Seekarten, die ich auch anderweitig verwenden kann","Layout der Karten;Funktionalität;Regelmäßige Updates","Herstellersupport;Lizenzregeln","Sporadisch nach Bedarf","ja","nein","Ist zu teuer","Ist zu teuer","Garmin / Boating (Navionics);ORCA","Seegebiete;Hafeninformationen;Tiefenangaben;Tiefenlinien;Seezeichen;Leuchtfeuer und Lichtsignale;Aktualitätsdatum der Seekarte;Gefahrenstellen","Interaktive Informationen für Kartenobjekte;Einstellbare Tiefengrenze;Hervorhebung von Sperrzonen","Reaktionsschnell / responsiv","Schönes, lobenswertes Projekt! Drücke euch die Daumen :-)"
"2025/10/31 7:01:33 PM MEZ","Ausschließlich elektronische Seekarten;Öfter in Verbindung mit Papierkarten","Ich fahre nach den geplanten Routen","Freie Seekarten ohne Verschlüsseliung und Nutzungs-Einschränkungen;Standardsierte Seekarten, die in allen Geräten nutzbar sind;Offene Seekarten, die ich auch anderweitig verwenden kann","Layout der Karten;Funktionalität;Regelmäßige Updates","Updatezwang;Herstellersupport","Ein Mal im Jahr","ja","nein","Ist zu teuer","Ist zu teuer","O-Charts;Freie Seekarten","Landgebiete;Seegebiete;Hafeninformationen;Tiefenangaben;Tiefenlinien;Seezeichen;Leuchtfeuer und Lichtsignale;Tieden- und Strömungsdaten;Aktualitätsdatum der Seekarte;Ankerplätze;Gefahrenstellen","2D-Tiefenkontur;Überblendeffekte zu anderen Karten wie z.B. Satellitenbildern;Interaktive Informationen für Kartenobjekte;Überlagerung von Wetterdaten;Überlagerung von Tieden und Strömungsdaten;Einstellbare Tiefengrenze;Hervorhebung von Sperrzonen","Ich habe keine Meinung dazu","nein"
"2025/10/31 7:08:43 PM MEZ","Ausschließlich elektronische Seekarten","Ich plane meine Routen damit;Ich fahre nach den geplanten Routen;Ich benutze sie auch in Verbindung mit einem Autopiloten;Ich lasse mir Borddaten anzeigen","Online Live-Seekarten mit Cloudanbindung auf aktuellstem Stand;Seekarten fest verbunden mit Hardware;Standardsierte Seekarten, die in allen Geräten nutzbar sind","Layout der Karten;Funktionalität;Regelmäßige Updates","Preis;Lizenzregeln","Sporadisch nach Bedarf","nein","ja","Ist angemessen","Ist zu teuer","Garmin / Boating (Navionics);C-Map;Elektronische Seekarten des Plotterherstellers;Orca","Tiefenangaben;Tiefenlinien;Seezeichen;Leuchtfeuer und Lichtsignale;Gefahrenstellen","Einstellbare Tiefengrenze;Hervorhebung von Sperrzonen","Übersichtlichkeit und auch bei verschiedenen Zoomstufen die wichtigsten Infos","nein"
"2025/10/31 7:12:43 PM MEZ","Öfter in Verbindung mit Papierkarten","Ich plane meine Routen damit;Ich fahre nach den geplanten Routen;Ich benutze sie auch in Verbindung mit einem Autopiloten","Freie Seekarten ohne Verschlüsseliung und Nutzungs-Einschränkungen;Standardsierte Seekarten, die in allen Geräten nutzbar sind;Offene Seekarten, die ich auch anderweitig verwenden kann","Layout der Karten","Updatezwang;Preis;Lizenzregeln","Sporadisch nach Bedarf","ja","nein","Ist zu teuer","Ist zu teuer","Garmin / Boating (Navionics);NV-Charts","Tiefenangaben;Tiefenlinien;Seezeichen;Leuchtfeuer und Lichtsignale;Tieden- und Strömungsdaten;Aktualitätsdatum der Seekarte;Gefahrenstellen","2D-Tiefenkontur;Interaktive Informationen für Kartenobjekte;Überlagerung von Tieden und Strömungsdaten;Einstellbare Tiefengrenze;Hervorhebung von Sperrzonen","Ich habe keine Meinung dazu","nein"
"2025/10/31 7:13:41 PM MEZ","Ausschließlich elektronische Seekarten;Öfter in Verbindung mit Papierkarten","Nur zur Anzeige des Standortes;Ich lasse mir Borddaten anzeigen","Freie Seekarten ohne Verschlüsseliung und Nutzungs-Einschränkungen;Standardsierte Seekarten, die in allen Geräten nutzbar sind","Layout der Karten;Regelmäßige Updates","Lädt langsam","Sporadisch nach Bedarf","ja","nein","Ist angemessen","Ist zu teuer","NV-Charts","Seegebiete;Tiefenangaben;Tiefenlinien;Seezeichen;Leuchtfeuer und Lichtsignale;Tieden- und Strömungsdaten;Gefahrenstellen","2D-Tiefenkontur;Interaktive Informationen für Kartenobjekte;Überlagerung von Tieden und Strömungsdaten;Einstellbare Tiefengrenze;Hervorhebung von Sperrzonen","Ich habe keine Meinung dazu","Ich find das super, was ihr macht."
"2025/10/31 7:16:38 PM MEZ","Ausschließlich elektronische Seekarten","Ich plane meine Routen damit;Ich fahre nach den geplanten Routen;Ich benutze sie auch in Verbindung mit einem Autopiloten;Ich lasse mir Borddaten anzeigen","Freie Seekarten ohne Verschlüsseliung und Nutzungs-Einschränkungen;Standardsierte Seekarten, die in allen Geräten nutzbar sind;Offene Seekarten, die ich auch anderweitig verwenden kann","Layout der Karten;Funktionalität;Regelmäßige Updates","Preis;Lizenzregeln","Ein Mal im Jahr","ja","ja","Ist zu teuer","Ist zu teuer","Garmin / Boating (Navionics);NV-Charts","Seegebiete;Hafeninformationen;Tiefenangaben;Tiefenlinien;Seezeichen;Gefahrenstellen","2D-Tiefenkontur;Interaktive Informationen für Kartenobjekte;Überlagerung von Tieden und Strömungsdaten;Hervorhebung von Sperrzonen","Zoom, Möglichkeit zum Messen (wie z.B. bei Google Maps). AIS Einblendung","nein"
"2025/10/31 7:26:24 PM MEZ","Ausschließlich elektronische Seekarten","Ich fahre nach den geplanten Routen","Als verschlüsselte Datei auf einem standardisierten Datenträger wie SD-Card;Freie Seekarten ohne Verschlüsseliung und Nutzungs-Einschränkungen;Standardsierte Seekarten, die in allen Geräten nutzbar sind;Offene Seekarten, die ich auch anderweitig verwenden kann","Layout der Karten;Funktionalität;Regelmäßige Updates","Preis;Lizenzregeln;Nur mit bestimmter HW nutzbar","Sporadisch nach Bedarf","ja","nein","Ist zu teuer","Ist zu teuer","Garmin / Boating (Navionics);O-Charts","Seegebiete;Tiefenangaben;Tiefenlinien;Seezeichen;Leuchtfeuer und Lichtsignale","2D-Tiefenkontur;Überblendeffekte zu anderen Karten wie z.B. Satellitenbildern;Einstellbare Tiefengrenze;Hervorhebung von Sperrzonen;Alle gefahrenstellen und seezeichen","Aktualität und Genauigkeit ","nein"
"2025/10/31 7:28:25 PM MEZ","Öfter in Verbindung mit Papierkarten","Ich plane meine Routen damit;Ich fahre nach den geplanten Routen;Ich benutze sie auch in Verbindung mit einem Autopiloten;Ich lasse mir Borddaten anzeigen;","Als verschlüsselte Datei auf einem propritären Datenträger, Nutzung eingeschränkt;Als verschlüsselte Datei auf einem standardisierten Datenträger wie SD-Card;Freie Seekarten ohne Verschlüsseliung und Nutzungs-Einschränkungen;Offene Seekarten, die ich auch anderweitig verwenden kann","Layout der Karten;Funktionalität;Regelmäßige Updates;Preis","Updatezwang;Herstellersupport;Lizenzregeln","Ein Mal im Jahr","ja","nein","Ist angemessen","Ist angemessen","O-Charts;Freie Seekarten;Selbst erstellte oder eingescannte Seekarten","Seegebiete;Hafeninformationen;Tiefenangaben;Tiefenlinien;Seezeichen;Tieden- und Strömungsdaten;Ankerplätze;Gefahrenstellen","2D-Tiefenkontur;Überblendeffekte zu anderen Karten wie z.B. Satellitenbildern;Überlagerung von Wetterdaten;Überlagerung von Tieden und Strömungsdaten;Einstellbare Tiefengrenze","Ich habe keine Meinung dazu","nein"
"2025/10/31 7:28:26 PM MEZ","Ausschließlich elektronische Seekarten","Ich plane meine Routen damit;Ich fahre nach den geplanten Routen;Ich benutze sie auch in Verbindung mit einem Autopiloten","Als verschlüsselte Datei auf einem standardisierten Datenträger wie SD-Card;Freie Seekarten ohne Verschlüsseliung und Nutzungs-Einschränkungen;Standardsierte Seekarten, die in allen Geräten nutzbar sind;Offene Seekarten, die ich auch anderweitig verwenden kann","Layout der Karten;Funktionalität;Regelmäßige Updates;Herstellersupport;Preis","Layout der Karten;Lizenzregeln","Ein Mal im Jahr","ja","ja","Ist angemessen","Ist angemessen","NV-Charts;NV-Plotterkarten","Tiefenangaben;Tiefenlinien;Seezeichen;Leuchtfeuer und Lichtsignale;Tieden- und Strömungsdaten;Aktualitätsdatum der Seekarte;Gefahrenstellen","Interaktive Informationen für Kartenobjekte;Überlagerung von Wetterdaten;Überlagerung von Tieden und Strömungsdaten","Ich habe keine Meinung dazu","nein"
"2025/10/31 7:32:55 PM MEZ","Ausschließlich elektronische Seekarten;Öfter in Verbindung mit Papierkarten","Ich plane meine Routen damit;Ich benutze sie auch in Verbindung mit einem Autopiloten","Als verschlüsselte Datei auf einem standardisierten Datenträger wie SD-Card;Offene Seekarten, die ich auch anderweitig verwenden kann","Layout der Karten;Funktionalität;Regelmäßige Updates;Herstellersupport","Lizenzregeln","Jedes halbe Jahr","ja","ja","Ist angemessen","Ist angemessen","Garmin / Boating (Navionics);NV-Charts;O-Charts","Seegebiete;Tiefenangaben;Tiefenlinien;Seezeichen;Leuchtfeuer und Lichtsignale;Aktualitätsdatum der Seekarte;Gefahrenstellen","2D-Tiefenkontur;Interaktive Informationen für Kartenobjekte;Einstellbare Tiefengrenze;Hervorhebung von Sperrzonen","Ich habe keine Meinung dazu","nein"
"2025/10/31 7:34:03 PM MEZ","Öfter in Verbindung mit Papierkarten","Ich benutze sie auch in Verbindung mit einem Autopiloten;Ich lasse mir Borddaten anzeigen","Als verschlüsselte Datei auf einem standardisierten Datenträger wie SD-Card","Layout der Karten;Funktionalität","Preis;Lizenzregeln","Ein Mal im Jahr","ja","nein","Ist angemessen","Ist angemessen","C-Map","Seegebiete;Tiefenlinien;Seezeichen;Leuchtfeuer und Lichtsignale;Gefahrenstellen","2D-Tiefenkontur;Hervorhebung von Sperrzonen","Ich habe keine Meinung dazu","nein"
"2025/10/31 7:37:46 PM MEZ","Ausschließlich elektronische Seekarten","Nur zur Anzeige des Standortes;Ich lasse mir Borddaten anzeigen","Freie Seekarten ohne Verschlüsseliung und Nutzungs-Einschränkungen;Offene Seekarten, die ich auch anderweitig verwenden kann","Layout der Karten","Preis","Sporadisch nach Bedarf","ja","nein","Ist zu teuer","Ist zu teuer","O-Charts","Seegebiete;Hafeninformationen;Tiefenangaben;Tiefenlinien;Seezeichen;Leuchtfeuer und Lichtsignale;Tieden- und Strömungsdaten;Aktualitätsdatum der Seekarte;Ankerplätze;Gefahrenstellen","2D-Tiefenkontur;Überlagerung von Tieden und Strömungsdaten;Einstellbare Tiefengrenze;Hervorhebung von Sperrzonen","Ich habe keine Meinung dazu","nein"
"2025/10/31 7:44:50 PM MEZ","Gelegentlich","Nur zur Anzeige des Standortes;Ich blende ","Freie Seekarten ohne Verschlüsseliung und Nutzungs-Einschränkungen;Standardsierte Seekarten, die in allen Geräten nutzbar sind;Offene Seekarten, die ich auch anderweitig verwenden kann","Nix","Updatezwang;Preis;Lizenzregeln","Sporadisch nach Bedarf","ja","nein","Ist angemessen","Ist angemessen","Garmin / Boating (Navionics);O-Charts;Freie Seekarten","Tiefenangaben;Tiefenlinien;Seezeichen;Leuchtfeuer und Lichtsignale;Aktualitätsdatum der Seekarte;Gefahrenstellen","2D-Tiefenkontur;Interaktive Informationen für Kartenobjekte;Einstellbare Tiefengrenze;Hervorhebung von Sperrzonen","Leichte Aktualisierbarkeit, guter Zoom","Eigentlich müßte bei den Fragen zu komerziellen Anbietern der jew. Hersteller angegebe werden. Eine allgemeingültige Aussage ist eigentlich nicht zu treffen. Insofern konnten die Fragen nicht sinnvoll beantwortet werden"
"2025/10/31 7:45:51 PM MEZ","Öfter in Verbindung mit Papierkarten","Nur zur Anzeige des Standortes;Ich lasse mir Borddaten anzeigen","Freie Seekarten ohne Verschlüsseliung und Nutzungs-Einschränkungen","Layout der Karten;Regelmäßige Updates;Preis","Updatezwang;Lizenzregeln","Jedes halbe Jahr","ja","nein","Ist zu teuer","Ist zu teuer","NV-Charts","Seegebiete;Hafeninformationen;Tiefenangaben;Tiefenlinien;Seezeichen;Leuchtfeuer und Lichtsignale;Gefahrenstellen","2D-Tiefenkontur;Einstellbare Tiefengrenze;Hervorhebung von Sperrzonen","Ich habe keine Meinung dazu","nein"
"2025/10/31 7:48:12 PM MEZ","Ausschließlich elektronische Seekarten","Nur zur Anzeige des Standortes","Seekarten fest verbunden mit Hardware","Funktionalität","Lizenzregeln","Sporadisch nach Bedarf","ja","ja","Ist angemessen","Ist zu teuer","Garmin / Boating (Navionics)","Seegebiete;Tiefenangaben;Tiefenlinien;Seezeichen;Leuchtfeuer und Lichtsignale;Tieden- und Strömungsdaten","Überlagerung von Tieden und Strömungsdaten","Ich habe keine Meinung dazu","nein"
"2025/10/31 7:53:51 PM MEZ","Ausschließlich elektronische Seekarten","Nur zur Anzeige des Standortes;Ich fahre nach den geplanten Routen","Als verschlüsselte Datei auf einem standardisierten Datenträger wie SD-Card;Seekarten fest verbunden mit Hardware","Layout der Karten;Funktionalität","Updatezwang;Herstellersupport;Preis;Lizenzregeln","Sporadisch nach Bedarf","ja","nein","Ist zu teuer","Ist zu teuer","Garmin / Boating (Navionics)","Landgebiete;Seegebiete;Hafeninformationen;Tiefenangaben;Tiefenlinien;Seezeichen","2D-Tiefenkontur;Hervorhebung von Sperrzonen","Wichtig sind die Tiefenangaben und zwar korrekt, Routing ist nice to hove aber unwichtig, Häfen sind secundär abet interssant, weil es genügen andere Quellen gibt",""
"2025/10/31 7:57:29 PM MEZ","Ausschließlich elektronische Seekarten","Ich plane meine Routen damit;Ich fahre nach den geplanten Routen","Online Live-Seekarten mit Cloudanbindung auf aktuellstem Stand;Als verschlüsselte Datei auf einem propritären Datenträger, Nutzung eingeschränkt","Layout der Karten;Funktionalität;Regelmäßige Updates;Herstellersupport","Lizenzregeln","Jedes halbe Jahr","ja","nein","Ist angemessen","Ist angemessen","TZ Maps","Seegebiete;Hafeninformationen;Tiefenangaben;Tiefenlinien;Seezeichen;Leuchtfeuer und Lichtsignale;Tieden- und Strömungsdaten;Aktualitätsdatum der Seekarte;Gefahrenstellen","2D-Tiefenkontur;Interaktive Informationen für Kartenobjekte;Überlagerung von Wetterdaten;Überlagerung von Tieden und Strömungsdaten;Hervorhebung von Sperrzonen","Ich habe keine Meinung dazu","nein"
"2025/10/31 8:04:27 PM MEZ","Öfter in Verbindung mit Papierkarten","Nur zur Anzeige des Standortes;Ich lasse mir Borddaten anzeigen","Online Live-Seekarten mit Cloudanbindung auf aktuellstem Stand;Freie Seekarten ohne Verschlüsseliung und Nutzungs-Einschränkungen;Standardsierte Seekarten, die in allen Geräten nutzbar sind;Offene Seekarten, die ich auch anderweitig verwenden kann","Layout der Karten;Funktionalität","Preis;Lizenzregeln","Sporadisch nach Bedarf","ja","nein","Ist angemessen","Ist zu teuer","Garmin / Boating (Navionics)","Seegebiete;Tiefenangaben;Tiefenlinien;Leuchtfeuer und Lichtsignale","Überblendeffekte zu anderen Karten wie z.B. Satellitenbildern;Interaktive Informationen für Kartenobjekte;Überlagerung von Wetterdaten;Überlagerung von Tieden und Strömungsdaten;Einstellbare Tiefengrenze;Hervorhebung von Sperrzonen","Ich habe keine Meinung dazu","nein"
"2025/10/31 8:06:19 PM MEZ","Ausschließlich elektronische Seekarten","Ich plane meine Routen damit;Ich fahre nach den geplanten Routen;Ich benutze sie auch in Verbindung mit einem Autopiloten","Als verschlüsselte Datei auf einem standardisierten Datenträger wie SD-Card;Freie Seekarten ohne Verschlüsseliung und Nutzungs-Einschränkungen;Standardsierte Seekarten, die in allen Geräten nutzbar sind;Offene Seekarten, die ich auch anderweitig verwenden kann","Funktionalität;Regelmäßige Updates","Preis;Lizenzregeln","Jedes halbe Jahr","ja","nein","Ist zu teuer","Ist zu teuer","C-Map;O-Charts","Seegebiete;Tiefenangaben;Tiefenlinien;Seezeichen;Leuchtfeuer und Lichtsignale;Aktualitätsdatum der Seekarte;Gefahrenstellen","2D-Tiefenkontur;Interaktive Informationen für Kartenobjekte;Überlagerung von Tieden und Strömungsdaten;Einstellbare Tiefengrenze;Hervorhebung von Sperrzonen","Ich habe keine Meinung dazu","nein"
"2025/10/31 8:09:52 PM MEZ","Ausschließlich elektronische Seekarten","Nur zur Anzeige des Standortes;Ich plane meine Routen damit;Ich lasse mir Borddaten anzeigen","Online Live-Seekarten mit Cloudanbindung auf aktuellstem Stand;Freie Seekarten ohne Verschlüsseliung und Nutzungs-Einschränkungen;Standardsierte Seekarten, die in allen Geräten nutzbar sind;Offene Seekarten, die ich auch anderweitig verwenden kann","Layout der Karten;Funktionalität","Updatezwang;Preis","Sporadisch nach Bedarf","nein","nein","Ist angemessen","Ist zu teuer","Garmin / Boating (Navionics);NV-Charts;O-Charts;Orca","Seegebiete;Hafeninformationen;Tiefenangaben;Tiefenlinien;Seezeichen;Leuchtfeuer und Lichtsignale;Aktualitätsdatum der Seekarte;Gefahrenstellen","2D-Tiefenkontur;Interaktive Informationen für Kartenobjekte;Überlagerung von Wetterdaten;Einstellbare Tiefengrenze;Hervorhebung von Sperrzonen","Ich habe keine Meinung dazu","nein"
"2025/10/31 8:18:38 PM MEZ","Öfter in Verbindung mit Papierkarten","Ich plane meine Routen damit;Ich fahre nach den geplanten Routen;Ich benutze sie auch in Verbindung mit einem Autopiloten","Freie Seekarten ohne Verschlüsseliung und Nutzungs-Einschränkungen;Seekarten fest verbunden mit Hardware;Standardsierte Seekarten, die in allen Geräten nutzbar sind","Layout der Karten;Funktionalität;Regelmäßige Updates;Herstellersupport","Herstellersupport;Preis;Lizenzregeln","Sporadisch nach Bedarf","ja","nein","Ist angemessen","Ist angemessen","Garmin / Boating (Navionics);Raymarine","Seegebiete;Tiefenangaben;Tiefenlinien;Seezeichen;Leuchtfeuer und Lichtsignale;Tieden- und Strömungsdaten;Aktualitätsdatum der Seekarte;Gefahrenstellen","2D-Tiefenkontur;Überblendeffekte zu anderen Karten wie z.B. Satellitenbildern;Interaktive Informationen für Kartenobjekte;Überlagerung von Wetterdaten;Überlagerung von Tieden und Strömungsdaten;Hervorhebung von Sperrzonen","Ich habe keine Meinung dazu","nein"
"2025/10/31 8:19:02 PM MEZ","Ausschließlich elektronische Seekarten","Ich plane meine Routen damit;Ich fahre nach den geplanten Routen;Ich benutze sie auch in Verbindung mit einem Autopiloten;Ich lasse mir Borddaten anzeigen","Freie Seekarten ohne Verschlüsseliung und Nutzungs-Einschränkungen;Seekarten fest verbunden mit Hardware;Standardsierte Seekarten, die in allen Geräten nutzbar sind","Funktionalität;Regelmäßige Updates","Layout der Karten;Preis","Sporadisch nach Bedarf","ja","ja","Ist zu teuer","Ist zu teuer","Garmin / Boating (Navionics);NV-Charts","Seegebiete;Hafeninformationen;Tiefenangaben;Tiefenlinien;Seezeichen;Leuchtfeuer und Lichtsignale;Tieden- und Strömungsdaten;Aktualitätsdatum der Seekarte;Ankerplätze;Gefahrenstellen","2D-Tiefenkontur;Interaktive Informationen für Kartenobjekte;Einstellbare Tiefengrenze;Hervorhebung von Sperrzonen","Ich habe keine Meinung dazu","nein"
"2025/10/31 8:20:53 PM MEZ","Öfter in Verbindung mit Papierkarten","Ich plane meine Routen damit;Ich lasse mir Borddaten anzeigen","Freie Seekarten ohne Verschlüsseliung und Nutzungs-Einschränkungen;Standardsierte Seekarten, die in allen Geräten nutzbar sind;Offene Seekarten, die ich auch anderweitig verwenden kann","Layout der Karten;Funktionalität;Regelmäßige Updates;Herstellersupport","Updatezwang;Lizenzregeln","Sporadisch nach Bedarf","ja","ja","Ist angemessen","Ist angemessen","NV-Charts","Seegebiete;Hafeninformationen;Tiefenangaben;Tiefenlinien;Seezeichen;Aktualitätsdatum der Seekarte;Ankerplätze;Gefahrenstellen","3D-Kontur am Tiefenmap;Einstellbare Tiefengrenze","Ich habe keine Meinung dazu",""
"2025/10/31 8:21:30 PM MEZ","Ausschließlich elektronische Seekarten","Ich plane meine Routen damit;Ich fahre nach den geplanten Routen","Online Live-Seekarten mit Cloudanbindung auf aktuellstem Stand;Freie Seekarten ohne Verschlüsseliung und Nutzungs-Einschränkungen","Layout der Karten;Funktionalität","Updatezwang;Preis;Lizenzregeln","Sporadisch nach Bedarf","ja","ja","Ist zu teuer","Ist zu teuer","Freie Seekarten;'illegale' Karten über Mobac gerippt","Hafeninformationen;Tiefenangaben;Tiefenlinien;Seezeichen;Tieden- und Strömungsdaten;Ankerplätze","Überblendeffekte zu anderen Karten wie z.B. Satellitenbildern;Interaktive Informationen für Kartenobjekte;Überlagerung von Wetterdaten;Überlagerung von Tieden und Strömungsdaten;Einstellbare Tiefengrenze;Hervorhebung von Sperrzonen","Ich habe keine Meinung dazu","nein"
"2025/10/31 8:45:20 PM MEZ","Ausschließlich elektronische Seekarten","Ich plane meine Routen damit;Ich benutze sie auch in Verbindung mit einem Autopiloten;Ich lasse mir Borddaten anzeigen","Als verschlüsselte Datei auf einem standardisierten Datenträger wie SD-Card","Funktionalität","Updatezwang;Preis;Lizenzregeln","Sporadisch nach Bedarf","ja","nein","Ist zu teuer","Ist angemessen","Garmin / Boating (Navionics);Raymarine","Seegebiete;Tiefenangaben;Tiefenlinien;Seezeichen;Leuchtfeuer und Lichtsignale;Gefahrenstellen","2D-Tiefenkontur;Einstellbare Tiefengrenze","Ich habe keine Meinung dazu",""
"2025/10/31 8:45:57 PM MEZ","Ausschließlich elektronische Seekarten","Ich benutze sie auch in Verbindung mit einem Autopiloten","Online Live-Seekarten mit Cloudanbindung auf aktuellstem Stand","Regelmäßige Updates","Preis","Ein Mal im Jahr","ja","ja","Ist zu teuer","Ist zu teuer","Garmin / Boating (Navionics)","Seegebiete;Hafeninformationen;Tiefenangaben;Tiefenlinien;Seezeichen;Leuchtfeuer und Lichtsignale;Tieden- und Strömungsdaten;Aktualitätsdatum der Seekarte;Ankerplätze;Gefahrenstellen","2D-Tiefenkontur;Interaktive Informationen für Kartenobjekte;Überlagerung von Tieden und Strömungsdaten","Ich habe keine Meinung dazu","nein"
"2025/10/31 8:48:20 PM MEZ","Ausschließlich elektronische Seekarten","Nur zur Anzeige des Standortes;Ich plane meine Routen damit;Ich fahre nach den geplanten Routen;Ich benutze sie auch in Verbindung mit einem Autopiloten;Ich lasse mir Borddaten anzeigen","Als verschlüsselte Datei auf einem standardisierten Datenträger wie SD-Card","Layout der Karten;Funktionalität","Updatezwang;Preis","Sporadisch nach Bedarf","ja","ja","Ist angemessen","Ist zu teuer","Garmin / Boating (Navionics);O-Charts","Tiefenangaben;Tiefenlinien;Seezeichen;Leuchtfeuer und Lichtsignale;Tieden- und Strömungsdaten;Aktualitätsdatum der Seekarte;Ankerplätze;Gefahrenstellen","2D-Tiefenkontur;Überlagerung von Wetterdaten;Überlagerung von Tieden und Strömungsdaten;Einstellbare Tiefengrenze;Hervorhebung von Sperrzonen","Aktualität",""
"2025/10/31 8:48:24 PM MEZ","Ausschließlich elektronische Seekarten","Nur zur Anzeige des Standortes;Ich lasse mir Borddaten anzeigen","Online Live-Seekarten mit Cloudanbindung auf aktuellstem Stand;Freie Seekarten ohne Verschlüsseliung und Nutzungs-Einschränkungen;Standardsierte Seekarten, die in allen Geräten nutzbar sind","Ist ja bei jeder Karte etwas anders ","Updatezwang;Lizenzregeln","Jedes halbe Jahr","ja","nein","Ist angemessen","Ist angemessen","O-Charts;Elektronische Seekarten des Plotterherstellers;Orca","Seegebiete;Tiefenangaben;Tiefenlinien;Seezeichen;Leuchtfeuer und Lichtsignale;Tieden- und Strömungsdaten;Aktualitätsdatum der Seekarte;Ankerplätze;Gefahrenstellen","2D-Tiefenkontur;Überlagerung von Tieden und Strömungsdaten;Einstellbare Tiefengrenze;Hervorhebung von Sperrzonen","Alle Seezeichen und tiefen gut sichtbar",""
"2025/10/31 9:01:00 PM MEZ","Ausschließlich elektronische Seekarten","Ich plane meine Routen damit;Ich fahre nach den geplanten Routen","Als verschlüsselte Datei auf einem standardisierten Datenträger wie SD-Card;Freie Seekarten ohne Verschlüsseliung und Nutzungs-Einschränkungen;Offene Seekarten, die ich auch anderweitig verwenden kann","Layout der Karten;Funktionalität","Preis;Lizenzregeln","Sporadisch nach Bedarf","ja","nein","Ist zu teuer","Ist zu teuer","Garmin / Boating (Navionics);Freie Seekarten","Seegebiete;Tiefenangaben;Tiefenlinien;Seezeichen;Leuchtfeuer und Lichtsignale;Tieden- und Strömungsdaten;Gefahrenstellen","2D-Tiefenkontur;Überlagerung von Wetterdaten;Überlagerung von Tieden und Strömungsdaten;Einstellbare Tiefengrenze;Hervorhebung von Sperrzonen","Eine klare Darstellung von Tiefen und Hindernissen ","nein"
"2025/10/31 9:08:29 PM MEZ","Ausschließlich elektronische Seekarten;Öfter in Verbindung mit Papierkarten","Nur zur Anzeige des Standortes;Ich plane meine Routen damit;Ich fahre nach den geplanten Routen","Online Live-Seekarten mit Cloudanbindung auf aktuellstem Stand;Freie Seekarten ohne Verschlüsseliung und Nutzungs-Einschränkungen;Standardsierte Seekarten, die in allen Geräten nutzbar sind","Layout der Karten;Regelmäßige Updates","Preis","Sporadisch nach Bedarf","ja","ja","Ist angemessen","Ist zu teuer","NV-Charts;Freie Seekarten;Orca","Seegebiete;Hafeninformationen;Tiefenangaben;Tiefenlinien;Seezeichen;Leuchtfeuer und Lichtsignale;Tieden- und Strömungsdaten;Aktualitätsdatum der Seekarte;Ankerplätze;Gefahrenstellen","Interaktive Informationen für Kartenobjekte;Überlagerung von Tieden und Strömungsdaten;Hervorhebung von Sperrzonen","Ich habe keine Meinung dazu","nein"
"2025/10/31 9:15:35 PM MEZ","Ausschließlich elektronische Seekarten","Nur zur Anzeige des Standortes;Ich plane meine Routen damit;Ich lasse mir Borddaten anzeigen","Online Live-Seekarten mit Cloudanbindung auf aktuellstem Stand;Standardsierte Seekarten, die in allen Geräten nutzbar sind","Layout der Karten;Regelmäßige Updates;Herstellersupport","Lizenzregeln","Sporadisch nach Bedarf","ja","nein","Ist angemessen","Ist angemessen","Garmin / Boating (Navionics);NV-Charts","Seegebiete;Hafeninformationen;Tiefenangaben;Tiefenlinien;Seezeichen;Leuchtfeuer und Lichtsignale;Ankerplätze;Gefahrenstellen","2D-Tiefenkontur;Interaktive Informationen für Kartenobjekte;Überlagerung von Tieden und Strömungsdaten;Einstellbare Tiefengrenze;Hervorhebung von Sperrzonen","Ich habe keine Meinung dazu","nein"
"2025/10/31 9:20:39 PM MEZ","Öfter in Verbindung mit Papierkarten","Nur zur Anzeige des Standortes;Ich plane meine Routen damit","Als verschlüsselte Datei auf einem standardisierten Datenträger wie SD-Card;Freie Seekarten ohne Verschlüsseliung und Nutzungs-Einschränkungen;Standardsierte Seekarten, die in allen Geräten nutzbar sind;Offene Seekarten, die ich auch anderweitig verwenden kann","Layout der Karten;Funktionalität;Regelmäßige Updates;Herstellersupport","Updatezwang;Lizenzregeln","Sporadisch nach Bedarf","ja","nein","Ist angemessen","Ist zu teuer","Garmin / Boating (Navionics);NV-Charts","Seegebiete;Tiefenangaben;Tiefenlinien;Seezeichen;Leuchtfeuer und Lichtsignale;Aktualitätsdatum der Seekarte;Ankerplätze;Gefahrenstellen","Hervorhebung von Sperrzonen","Aktualisierungsdatum, Einfachheit und klare Rückmeldung des Updatevorgangs, Längenmessfunktion","nein"
"2025/10/31 9:22:59 PM MEZ","Ausschließlich elektronische Seekarten","Ich plane meine Routen damit;Ich fahre nach den geplanten Routen;Ich lasse mir Borddaten anzeigen","Als verschlüsselte Datei auf einem standardisierten Datenträger wie SD-Card;Standardsierte Seekarten, die in allen Geräten nutzbar sind","Layout der Karten;Funktionalität;Regelmäßige Updates","Preis","Ein Mal im Jahr","ja","nein","Ist zu teuer","Ist zu teuer","Garmin / Boating (Navionics);Elektronische Seekarten des Plotterherstellers","Seegebiete;Hafeninformationen;Tiefenangaben;Tiefenlinien;Seezeichen;Leuchtfeuer und Lichtsignale;Tieden- und Strömungsdaten;Aktualitätsdatum der Seekarte;Ankerplätze;Gefahrenstellen","3D-Kontur am Tiefenmap;Überblendeffekte zu anderen Karten wie z.B. Satellitenbildern;Überlagerung von Wetterdaten;Überlagerung von Tieden und Strömungsdaten;Individuell gestaltbare Karten bzgl. Land- und Wassermassen;Einstellbare Tiefengrenze;Hervorhebung von Sperrzonen","Ich habe keine Meinung dazu",""
"2025/10/31 9:23:11 PM MEZ","Ausschließlich elektronische Seekarten","Ich plane meine Routen damit;Ich fahre nach den geplanten Routen;Ich benutze sie auch in Verbindung mit einem Autopiloten","Online Live-Seekarten mit Cloudanbindung auf aktuellstem Stand;Freie Seekarten ohne Verschlüsseliung und Nutzungs-Einschränkungen;Offene Seekarten, die ich auch anderweitig verwenden kann","Layout der Karten;Funktionalität;Regelmäßige Updates","Preis;Lizenzregeln","Jedes halbe Jahr","ja","nein","Ist zu teuer","Ist zu teuer","O-Charts;Freie Seekarten","Seegebiete;Tiefenangaben;Tiefenlinien;Seezeichen","Hervorhebung von Sperrzonen","Ich habe keine Meinung dazu","""Wie oft aktualisierst Du Seekarten?"" So oft Ocharts mir welche anbietet, was deutlich öfter als jedes halbe Jahr ist. lg"
"2025/10/31 9:28:57 PM MEZ","Öfter in Verbindung mit Papierkarten","Nur zur Anzeige des Standortes;Ich plane meine Routen damit","Online Live-Seekarten mit Cloudanbindung auf aktuellstem Stand","Layout der Karten;Funktionalität;Regelmäßige Updates;Herstellersupport;Preis","Lizenzregeln","Ein Mal im Jahr","ja","ja","Ist angemessen","Ist zu teuer","Waterkaarten ","Seegebiete;Hafeninformationen;Tiefenangaben;Seezeichen;Leuchtfeuer und Lichtsignale;Ankerplätze;Gefahrenstellen","2D-Tiefenkontur","Ich habe keine Meinung dazu","nein"
"2025/10/31 9:29:17 PM MEZ","Öfter in Verbindung mit Papierkarten","Nur zur Anzeige des Standortes;Ich plane meine Routen damit;Ich fahre nach den geplanten Routen","Freie Seekarten ohne Verschlüsseliung und Nutzungs-Einschränkungen","Layout der Karten;Funktionalität;Regelmäßige Updates","Preis;Lizenzregeln","Jedes halbe Jahr","ja","ja","Ist angemessen","Ist zu teuer","C-Map;Selbst erstellte oder eingescannte Seekarten","Seegebiete;Hafeninformationen;Tiefenangaben;Tiefenlinien;Seezeichen;Tieden- und Strömungsdaten","2D-Tiefenkontur;Überlagerung von Tieden und Strömungsdaten;Einstellbare Tiefengrenze","not too many depth data (Navionics), high contrast depth area's","making ""illegal"" C-map MBtiles charts for myself (SasPlanet) for AvNav with own colour schema"
"2025/10/31 9:32:50 PM MEZ","Öfter in Verbindung mit Papierkarten","Ich plane meine Routen damit;Ich fahre nach den geplanten Routen","Online Live-Seekarten mit Cloudanbindung auf aktuellstem Stand;Freie Seekarten ohne Verschlüsseliung und Nutzungs-Einschränkungen;Offene Seekarten, die ich auch anderweitig verwenden kann","Layout der Karten;Funktionalität;Regelmäßige Updates","Preis","Sporadisch nach Bedarf","ja","nein","Ist angemessen","Ist zu teuer","Garmin / Boating (Navionics);Freie Seekarten","Seegebiete;Hafeninformationen;Tiefenlinien;Seezeichen;Leuchtfeuer und Lichtsignale;Tieden- und Strömungsdaten;Aktualitätsdatum der Seekarte;Gefahrenstellen","2D-Tiefenkontur;Interaktive Informationen für Kartenobjekte;Überlagerung von Tieden und Strömungsdaten;Einstellbare Tiefengrenze;Hervorhebung von Sperrzonen","Aktualität","nein"
"2025/10/31 9:39:08 PM MEZ","Öfter in Verbindung mit Papierkarten","Ich plane meine Routen damit;Ich benutze sie auch in Verbindung mit einem Autopiloten;Ich lasse mir Borddaten anzeigen","Online Live-Seekarten mit Cloudanbindung auf aktuellstem Stand","Layout der Karten;Regelmäßige Updates;Herstellersupport","Updatezwang","Sporadisch nach Bedarf","ja","nein","Ist angemessen","Ist angemessen","Orca","Seegebiete;Hafeninformationen;Tiefenangaben;Tiefenlinien;Seezeichen;Leuchtfeuer und Lichtsignale","2D-Tiefenkontur;Interaktive Informationen für Kartenobjekte;Überlagerung von Tieden und Strömungsdaten;Einstellbare Tiefengrenze;Hervorhebung von Sperrzonen","Klares Kartenbild mit gut abgestuften Tiefen","nein"
"2025/10/31 9:52:41 PM MEZ","Öfter in Verbindung mit Papierkarten","Ich plane meine Routen damit;Ich fahre nach den geplanten Routen;Ich lasse mir Borddaten anzeigen","Als verschlüsselte Datei auf einem standardisierten Datenträger wie SD-Card;Freie Seekarten ohne Verschlüsseliung und Nutzungs-Einschränkungen;Standardsierte Seekarten, die in allen Geräten nutzbar sind;Offene Seekarten, die ich auch anderweitig verwenden kann","Layout der Karten;Funktionalität","Updatezwang;Preis;Lizenzregeln","Sporadisch nach Bedarf","ja","nein","Ist zu teuer","Ist zu teuer","NV-Charts","Landgebiete;Seegebiete;Hafeninformationen;Tiefenangaben;Tiefenlinien;Seezeichen;Leuchtfeuer und Lichtsignale;Aktualitätsdatum der Seekarte;Ankerplätze","2D-Tiefenkontur;Interaktive Informationen für Kartenobjekte;Einstellbare Tiefengrenze;Hervorhebung von Sperrzonen","Ich habe keine Meinung dazu","nein"
"2025/10/31 9:54:30 PM MEZ","Öfter in Verbindung mit Papierkarten","Ich plane meine Routen damit;Ich fahre nach den geplanten Routen;Ich lasse mir Borddaten anzeigen","Standardsierte Seekarten, die in allen Geräten nutzbar sind","Layout der Karten;Funktionalität;Regelmäßige Updates;Lizenzregeln","nichts","Jedes halbe Jahr","ja","ja","Ist angemessen","Könnte auch teurer sein","C-Map","Seegebiete;Tiefenangaben;Tiefenlinien;Seezeichen;Leuchtfeuer und Lichtsignale","2D-Tiefenkontur;Überlagerung von Wetterdaten;Überlagerung von Tieden und Strömungsdaten;Einstellbare Tiefengrenze;Hervorhebung von Sperrzonen","Ich habe keine Meinung dazu","nein"
"2025/10/31 9:56:49 PM MEZ","Ausschließlich elektronische Seekarten","Nur zur Anzeige des Standortes;Ich plane meine Routen damit","Online Live-Seekarten mit Cloudanbindung auf aktuellstem Stand;Freie Seekarten ohne Verschlüsseliung und Nutzungs-Einschränkungen;Offene Seekarten, die ich auch anderweitig verwenden kann","Funktionalität;Herstellersupport","Updatezwang;Preis","Sporadisch nach Bedarf","ja","nein","Ist angemessen","Ist zu teuer","NV-Charts;O-Charts;Freie Seekarten","Seegebiete;Tiefenangaben;Tiefenlinien;Seezeichen;Leuchtfeuer und Lichtsignale;Tieden- und Strömungsdaten;Gefahrenstellen","2D-Tiefenkontur;Überlagerung von Wetterdaten;Überlagerung von Tieden und Strömungsdaten;Hervorhebung von Sperrzonen","Ich habe keine Meinung dazu","nein"
"2025/10/31 9:58:46 PM MEZ","Öfter in Verbindung mit Papierkarten","Ich plane meine Routen damit;Ich benutze sie auch in Verbindung mit einem Autopiloten;Ich lasse mir Borddaten anzeigen","Online Live-Seekarten mit Cloudanbindung auf aktuellstem Stand;Freie Seekarten ohne Verschlüsseliung und Nutzungs-Einschränkungen;Offene Seekarten, die ich auch anderweitig verwenden kann","Layout der Karten;Regelmäßige Updates","Herstellersupport;Preis;Lizenzregeln","Jedes halbe Jahr","ja","nein","Ist zu teuer","Ist zu teuer","O-Charts;Elektronische Seekarten des Plotterherstellers","Seegebiete;Tiefenangaben;Tiefenlinien;Seezeichen;Leuchtfeuer und Lichtsignale;Aktualitätsdatum der Seekarte","2D-Tiefenkontur;Interaktive Informationen für Kartenobjekte;Überlagerung von Wetterdaten;Einstellbare Tiefengrenze","Ich habe keine Meinung dazu","nein"
"2025/10/31 10:03:05 PM MEZ","Ausschließlich elektronische Seekarten","Nur zur Anzeige des Standortes","Standardsierte Seekarten, die in allen Geräten nutzbar sind","Funktionalität","Layout der Karten","Ein Mal im Jahr","ja","ja","Ist angemessen","Ist zu teuer","Garmin / Boating (Navionics);Orca","Seegebiete;Tiefenangaben;Tiefenlinien;Seezeichen;Leuchtfeuer und Lichtsignale;Tieden- und Strömungsdaten;Aktualitätsdatum der Seekarte;Gefahrenstellen","2D-Tiefenkontur;Überlagerung von Tieden und Strömungsdaten;Individuell gestaltbare Karten bzgl. Land- und Wassermassen;Einstellbare Tiefengrenze"," Schnelles zoomen wie bei Orca, Anzeige und Kartenbild wie bei NV","Wichtig fände ich eine gute Anpassbarkeit über alle Geräte hinweg"
"2025/10/31 10:04:39 PM MEZ","Öfter in Verbindung mit Papierkarten","Ich plane meine Routen damit;Ich fahre nach den geplanten Routen;Ankerplätze / Tiefenangaben","Als verschlüsselte Datei auf einem standardisierten Datenträger wie SD-Card;Offene Seekarten, die ich auch anderweitig verwenden kann","Layout der Karten;Funktionalität","Updatezwang;Herstellersupport;Lizenzregeln","Sporadisch nach Bedarf","ja","ja","Ist angemessen","Ist zu teuer","C-Map;O-Charts","Seegebiete;Hafeninformationen;Tiefenangaben;Ankerplätze;Gefahrenstellen","Überblendeffekte zu anderen Karten wie z.B. Satellitenbildern;Überlagerung von Wetterdaten;Einstellbare Tiefengrenze;Hervorhebung von Sperrzonen","einfaches Handling, übersichtlich und Geräteunabhängig","nein"
"2025/10/31 10:08:46 PM MEZ","Ausschließlich elektronische Seekarten;Öfter in Verbindung mit Papierkarten","Nur zur Anzeige des Standortes;Ich plane meine Routen damit;Ich fahre nach den geplanten Routen;Ich benutze sie auch in Verbindung mit einem Autopiloten;Wetterrouting und gribdaten Auswertung ","Freie Seekarten ohne Verschlüsseliung und Nutzungs-Einschränkungen;Standardsierte Seekarten, die in allen Geräten nutzbar sind;Offene Seekarten, die ich auch anderweitig verwenden kann;Mir wurde eine gelegentliche Aktualisierung genügen!, elwis oder andere Quellen sollten offen einbindbar sein","Layout der Karten;Funktionalität;Abdeckung über Grenzen hinweg","Updatezwang;Herstellersupport;Preis;Lizenzregeln;Keine weiternutzung nach abo Zeitraum z.b. NV ","Sporadisch nach Bedarf","ja","nein","Ist zu teuer","Ist zu teuer","Garmin / Boating (Navionics);NV-Charts;Raymarine;Freie Seekarten","Seegebiete;Hafeninformationen;Tiefenlinien;Seezeichen;Leuchtfeuer und Lichtsignale;Gefahrenstellen;Wind tide und strom wurde ich auch aus anderen quellen hinzuladen wollen mit geeigneter software","2D-Tiefenkontur;Interaktive Informationen für Kartenobjekte;Überlagerung von Wetterdaten;Überlagerung von Tieden und Strömungsdaten;Einstellbare Tiefengrenze;Hervorhebung von Sperrzonen","Akzeptanz durch öffentliche Stellen im falle einer Überprüfung","Ich würde euer projekt unterstützen, soweit möglich "
"2025/10/31 10:13:15 PM MEZ","Ausschließlich elektronische Seekarten","Nur zur Anzeige des Standortes;Ich plane meine Routen damit","Als verschlüsselte Datei auf einem standardisierten Datenträger wie SD-Card;Freie Seekarten ohne Verschlüsseliung und Nutzungs-Einschränkungen;Standardsierte Seekarten, die in allen Geräten nutzbar sind;Offene Seekarten, die ich auch anderweitig verwenden kann","Funktionalität;Regelmäßige Updates","Lizenzregeln","Sporadisch nach Bedarf","ja","nein","Ist angemessen","Ist zu teuer","Garmin / Boating (Navionics);Freie Seekarten","Seegebiete;Hafeninformationen;Tiefenangaben;Tiefenlinien;Seezeichen;Leuchtfeuer und Lichtsignale;Tieden- und Strömungsdaten;Aktualitätsdatum der Seekarte;Gefahrenstellen","2D-Tiefenkontur;Interaktive Informationen für Kartenobjekte;Überlagerung von Tieden und Strömungsdaten;Hervorhebung von Sperrzonen","Aktualität, Nutzbarkeit auf beliebig vielen Endgeräten, Offline-Verfügbarkeit","nein"
"2025/10/31 10:28:09 PM MEZ","Ausschließlich elektronische Seekarten","Ich plane meine Routen damit;Ich fahre nach den geplanten Routen;Ich benutze sie auch in Verbindung mit einem Autopiloten","Freie Seekarten ohne Verschlüsseliung und Nutzungs-Einschränkungen;Standardsierte Seekarten, die in allen Geräten nutzbar sind;Offene Seekarten, die ich auch anderweitig verwenden kann","Layout der Karten;Funktionalität;Regelmäßige Updates","Updatezwang;Preis;Lizenzregeln","Sporadisch nach Bedarf","ja","nein","Ist angemessen","Ist zu teuer","O-Charts;Freie Seekarten","Landgebiete;Seegebiete;Hafeninformationen;Tiefenangaben;Tiefenlinien;Seezeichen;Leuchtfeuer und Lichtsignale;Tieden- und Strömungsdaten;Aktualitätsdatum der Seekarte;Ankerplätze;Gefahrenstellen","2D-Tiefenkontur;Interaktive Informationen für Kartenobjekte;Überlagerung von Wetterdaten;Überlagerung von Tieden und Strömungsdaten;Einstellbare Tiefengrenze;Hervorhebung von Sperrzonen","Aktualität, Detailgrad, Korrektheit","""zu teuer"" bei Seekarten App-Preis nicht auswählbar"
"2025/10/31 10:36:51 PM MEZ","Öfter in Verbindung mit Papierkarten","Nur zur Anzeige des Standortes","Standardsierte Seekarten, die in allen Geräten nutzbar sind","Layout der Karten","Updatezwang;Preis","Sporadisch nach Bedarf","ja","nein","Ist angemessen","Ist zu teuer","Aquamap","Seegebiete;Hafeninformationen;Tiefenangaben;Tiefenlinien;Seezeichen;Leuchtfeuer und Lichtsignale;Aktualitätsdatum der Seekarte;Ankerplätze;Gefahrenstellen","2D-Tiefenkontur;Überblendeffekte zu anderen Karten wie z.B. Satellitenbildern;Überlagerung von Wetterdaten;Überlagerung von Tieden und Strömungsdaten;Einstellbare Tiefengrenze;Hervorhebung von Sperrzonen","Ich habe keine Meinung dazu","nein"
"2025/10/31 10:39:20 PM MEZ","Öfter in Verbindung mit Papierkarten","Ich plane meine Routen damit;Ich fahre nach den geplanten Routen;Ich benutze sie auch in Verbindung mit einem Autopiloten;Ich lasse mir Borddaten anzeigen","Online Live-Seekarten mit Cloudanbindung auf aktuellstem Stand;Als verschlüsselte Datei auf einem propritären Datenträger, Nutzung eingeschränkt;Als verschlüsselte Datei auf einem standardisierten Datenträger wie SD-Card;Freie Seekarten ohne Verschlüsseliung und Nutzungs-Einschränkungen;Seekarten fest verbunden mit Hardware;Standardsierte Seekarten, die in allen Geräten nutzbar sind;Offene Seekarten, die ich auch anderweitig verwenden kann","Regelmäßige Updates","Updatezwang;Herstellersupport;Preis;Lizenzregeln","Sporadisch nach Bedarf","ja","nein","Ist zu teuer","Ist zu teuer","Garmin / Boating (Navionics);NV-Charts;Freie Seekarten","Seegebiete;Hafeninformationen;Tiefenangaben;Tiefenlinien;Seezeichen;Leuchtfeuer und Lichtsignale;Tieden- und Strömungsdaten;Aktualitätsdatum der Seekarte;Ankerplätze;Gefahrenstellen","2D-Tiefenkontur;3D-Kontur am Tiefenmap;Überblendeffekte zu anderen Karten wie z.B. Satellitenbildern;Interaktive Informationen für Kartenobjekte;Überlagerung von Wetterdaten;Überlagerung von Tieden und Strömungsdaten;Einstellbare Tiefengrenze;Hervorhebung von Sperrzonen","Ich habe keine Meinung dazu","nein"
"2025/10/31 10:57:53 PM MEZ","Öfter in Verbindung mit Papierkarten","Ich plane meine Routen damit;Ich benutze sie auch in Verbindung mit einem Autopiloten;Ich lasse mir Borddaten anzeigen","Online Live-Seekarten mit Cloudanbindung auf aktuellstem Stand;Freie Seekarten ohne Verschlüsseliung und Nutzungs-Einschränkungen;Standardsierte Seekarten, die in allen Geräten nutzbar sind;Offene Seekarten, die ich auch anderweitig verwenden kann","Layout der Karten;Funktionalität","Updatezwang;Preis;Lizenzregeln","Sporadisch nach Bedarf","ja","nein","Ist angemessen","Ist angemessen","NV-Charts;Elektronische Seekarten des Plotterherstellers;Freie Seekarten","Landgebiete;Seegebiete;Hafeninformationen;Tiefenangaben;Tiefenlinien;Seezeichen;Leuchtfeuer und Lichtsignale;Aktualitätsdatum der Seekarte;Ankerplätze;Gefahrenstellen","Interaktive Informationen für Kartenobjekte;Überlagerung von Tieden und Strömungsdaten;Einstellbare Tiefengrenze;Hervorhebung von Sperrzonen","Tiefenangaben ","Verlässliche Tiefenangaben"
"2025/10/31 11:16:12 PM MEZ","Öfter in Verbindung mit Papierkarten","Nur zur Anzeige des Standortes;Ich plane meine Routen damit;Ich fahre nach den geplanten Routen;Ich benutze sie auch in Verbindung mit einem Autopiloten;Ich lasse mir Borddaten anzeigen","Online Live-Seekarten mit Cloudanbindung auf aktuellstem Stand;Freie Seekarten ohne Verschlüsseliung und Nutzungs-Einschränkungen;Standardsierte Seekarten, die in allen Geräten nutzbar sind;Offene Seekarten, die ich auch anderweitig verwenden kann","Layout der Karten;Funktionalität;Regelmäßige Updates","Herstellersupport;Preis;Lizenzregeln","Sporadisch nach Bedarf","ja","nein","Ist zu teuer","Ist zu teuer","C-Map;NV-Charts","Landgebiete;Seegebiete;Hafeninformationen;Tiefenangaben;Tiefenlinien;Seezeichen;Leuchtfeuer und Lichtsignale;Tieden- und Strömungsdaten;Aktualitätsdatum der Seekarte;Ankerplätze;Gefahrenstellen","2D-Tiefenkontur;3D-Kontur am Tiefenmap;Überblendeffekte zu anderen Karten wie z.B. Satellitenbildern;Interaktive Informationen für Kartenobjekte;Überlagerung von Wetterdaten;Überlagerung von Tieden und Strömungsdaten;Individuell gestaltbare Karten bzgl. Land- und Wassermassen;Einstellbare Tiefengrenze;Hervorhebung von Sperrzonen","Die Karten sollten kein Ablaufdatum haben",""
"2025/10/31 11:24:01 PM MEZ","Öfter in Verbindung mit Papierkarten","Ich plane meine Routen damit;Ich fahre nach den geplanten Routen;Ich benutze sie auch in Verbindung mit einem Autopiloten","Seekarten fest verbunden mit Hardware;Standardsierte Seekarten, die in allen Geräten nutzbar sind","Layout der Karten;Funktionalität;Regelmäßige Updates","Herstellersupport;Preis;Lizenzregeln","Ein Mal im Jahr","ja","nein","Ist zu teuer","Ist angemessen","Garmin / Boating (Navionics)","Seegebiete;Hafeninformationen;Tiefenangaben;Tiefenlinien;Seezeichen;Leuchtfeuer und Lichtsignale;Tieden- und Strömungsdaten;Gefahrenstellen","2D-Tiefenkontur;Interaktive Informationen für Kartenobjekte;Überlagerung von Tieden und Strömungsdaten;Hervorhebung von Sperrzonen","Ich habe keine Meinung dazu","nein"
"2025/10/31 11:37:30 PM MEZ","Öfter in Verbindung mit Papierkarten","Ich plane meine Routen damit","Als verschlüsselte Datei auf einem propritären Datenträger, Nutzung eingeschränkt","Layout der Karten;Funktionalität;Regelmäßige Updates;Herstellersupport;Preis","Herstellersupport;Preis;Lizenzregeln","Sporadisch nach Bedarf","ja","ja","Ist zu teuer","Ist angemessen","Garmin / Boating (Navionics);C-Map","Seegebiete;Hafeninformationen;Tiefenangaben;Tiefenlinien;Seezeichen;Tieden- und Strömungsdaten;Aktualitätsdatum der Seekarte;Gefahrenstellen","Interaktive Informationen für Kartenobjekte;Überlagerung von Tieden und Strömungsdaten;Einstellbare Tiefengrenze;Hervorhebung von Sperrzonen","Ich habe keine Meinung dazu","nein"
"2025/10/31 11:46:43 PM MEZ","Öfter in Verbindung mit Papierkarten","Nur zur Anzeige des Standortes;Ich plane meine Routen damit;Ich fahre nach den geplanten Routen","Online Live-Seekarten mit Cloudanbindung auf aktuellstem Stand;Als verschlüsselte Datei auf einem standardisierten Datenträger wie SD-Card;Freie Seekarten ohne Verschlüsseliung und Nutzungs-Einschränkungen;Standardsierte Seekarten, die in allen Geräten nutzbar sind;Offene Seekarten, die ich auch anderweitig verwenden kann","Layout der Karten;Funktionalität;Regelmäßige Updates;Herstellersupport","Updatezwang;Lizenzregeln","Ein Mal im Jahr","ja","ja","Ist angemessen","Ist zu teuer","Garmin / Boating (Navionics);NV-Charts;O-Charts","Seegebiete;Tiefenangaben;Tiefenlinien;Seezeichen;Leuchtfeuer und Lichtsignale;Aktualitätsdatum der Seekarte;Gefahrenstellen","2D-Tiefenkontur;Überlagerung von Wetterdaten;Überlagerung von Tieden und Strömungsdaten;Einstellbare Tiefengrenze;Hervorhebung von Sperrzonen","Ich habe keine Meinung dazu","nein"
"2025/10/31 11:57:07 PM MEZ","Ausschließlich elektronische Seekarten","Nur zur Anzeige des Standortes;Ich plane meine Routen damit;Ich fahre nach den geplanten Routen;Ich lasse mir Borddaten anzeigen","Online Live-Seekarten mit Cloudanbindung auf aktuellstem Stand;Freie Seekarten ohne Verschlüsseliung und Nutzungs-Einschränkungen;Standardsierte Seekarten, die in allen Geräten nutzbar sind;Offene Seekarten, die ich auch anderweitig verwenden kann","Layout der Karten;Funktionalität","Preis;Lizenzregeln","Sporadisch nach Bedarf","ja","nein","Könnte auch teurer sein","Ist zu teuer","Garmin / Boating (Navionics);Raymarine;Freie Seekarten","Tiefenangaben;Tiefenlinien","2D-Tiefenkontur","Ich habe keine Meinung dazu","nein"
"2025/11/01 12:07:36 AM MEZ","Öfter in Verbindung mit Papierkarten","Ich plane meine Routen damit;Ich fahre nach den geplanten Routen","Online Live-Seekarten mit Cloudanbindung auf aktuellstem Stand;Freie Seekarten ohne Verschlüsseliung und Nutzungs-Einschränkungen;Standardsierte Seekarten, die in allen Geräten nutzbar sind","Layout der Karten;Regelmäßige Updates","Lizenzregeln","Sporadisch nach Bedarf","ja","ja","Ist angemessen","Ist angemessen","NV-Charts","Seegebiete;Tiefenlinien;Seezeichen;Tieden- und Strömungsdaten;Aktualitätsdatum der Seekarte;Ankerplätze","Überlagerung von Wetterdaten;Überlagerung von Tieden und Strömungsdaten;Hervorhebung von Sperrzonen","Ich habe keine Meinung dazu","nein"
"2025/11/01 12:40:42 AM MEZ","Öfter in Verbindung mit Papierkarten","Nur zur Anzeige des Standortes;Ich plane meine Routen damit","Freie Seekarten ohne Verschlüsseliung und Nutzungs-Einschränkungen;Standardsierte Seekarten, die in allen Geräten nutzbar sind","? für alle Punkte gibt es gute und schlechte Beispiele","siehe Vorfrage","Sporadisch nach Bedarf","ja","ja","Ist angemessen","Ist angemessen","NV-Charts;Freie Seekarten","Landgebiete;Seegebiete;Hafeninformationen;Tiefenangaben;Tiefenlinien;Seezeichen;Leuchtfeuer und Lichtsignale;Tieden- und Strömungsdaten;Aktualitätsdatum der Seekarte;Ankerplätze;Gefahrenstellen","Interaktive Informationen für Kartenobjekte;Überlagerung von Tieden und Strömungsdaten;Hervorhebung von Sperrzonen","Stabilität, sinnige Zoomstufen","nein"
"2025/11/01 1:49:50 AM MEZ","Öfter in Verbindung mit Papierkarten","Nur zur Anzeige des Standortes;Ich plane meine Routen damit","Freie Seekarten ohne Verschlüsseliung und Nutzungs-Einschränkungen;Standardsierte Seekarten, die in allen Geräten nutzbar sind;Offene Seekarten, die ich auch anderweitig verwenden kann","Regelmäßige Updates","Updatezwang;Preis;Lizenzregeln","Jedes halbe Jahr","ja","nein","Ist zu teuer","Ist zu teuer","O-Charts","Seegebiete;Hafeninformationen;Tiefenangaben;Tiefenlinien;Seezeichen;Leuchtfeuer und Lichtsignale;Tieden- und Strömungsdaten;Ankerplätze;Gefahrenstellen","2D-Tiefenkontur;Überlagerung von Tieden und Strömungsdaten;Einstellbare Tiefengrenze;Hervorhebung von Sperrzonen","Ich habe keine Meinung dazu","nein"
"2025/11/01 2:55:47 AM MEZ","Öfter in Verbindung mit Papierkarten","Nur zur Anzeige des Standortes;Ich lasse mir Borddaten anzeigen","Freie Seekarten ohne Verschlüsseliung und Nutzungs-Einschränkungen;Offene Seekarten, die ich auch anderweitig verwenden kann","Layout der Karten;Funktionalität;Regelmäßige Updates;Herstellersupport","Updatezwang;Preis;Lizenzregeln","Sporadisch nach Bedarf","ja","nein","Ist angemessen","Ist zu teuer","Freie Seekarten;orca","Tiefenlinien;Seezeichen;Gefahrenstellen","2D-Tiefenkontur;Individuell gestaltbare Karten bzgl. Land- und Wassermassen;Einstellbare Tiefengrenze;Hervorhebung von Sperrzonen","Ich habe keine Meinung dazu","nein"
"2025/11/01 3:24:08 AM MEZ","Öfter in Verbindung mit Papierkarten","Ich fahre nach den geplanten Routen","Als verschlüsselte Datei auf einem standardisierten Datenträger wie SD-Card;monatlich aktualisierte Karten für mein iPad.","Layout der Karten;Funktionalität;Regelmäßige Updates;Herstellersupport;Preis;Lizenzregeln","nichts","Ein Mal im Jahr","nein","ja","Ist angemessen","Ist angemessen","C-Map;NV-Charts;Navionics","Seegebiete;Hafeninformationen;Tiefenangaben;Tiefenlinien;Seezeichen;Leuchtfeuer und Lichtsignale;Tieden- und Strömungsdaten;Aktualitätsdatum der Seekarte;Ankerplätze;Gefahrenstellen","2D-Tiefenkontur","ich möchte über die Aktualität der Karte informiert sein.","Ich möchte mich nicht auf die Arbeit von vier Nerds verlassen."
"2025/11/01 4:23:06 AM MEZ","Ausschließlich elektronische Seekarten","Nur zur Anzeige des Standortes;Ich plane meine Routen damit;Ich fahre nach den geplanten Routen;Ich benutze sie auch in Verbindung mit einem Autopiloten;Ich lasse mir Borddaten anzeigen","Als verschlüsselte Datei auf einem standardisierten Datenträger wie SD-Card;Freie Seekarten ohne Verschlüsseliung und Nutzungs-Einschränkungen;Standardsierte Seekarten, die in allen Geräten nutzbar sind","Layout der Karten;Funktionalität;Regelmäßige Updates","Herstellersupport;Preis","Sporadisch nach Bedarf","ja","nein","Ist zu teuer","Ist zu teuer","Garmin / Boating (Navionics);NV-Charts;O-Charts;Selbst erstellte oder eingescannte Seekarten","Seegebiete;Tiefenangaben;Seezeichen;Leuchtfeuer und Lichtsignale;Tieden- und Strömungsdaten;Aktualitätsdatum der Seekarte;Gefahrenstellen","Überlagerung von Tieden und Strömungsdaten;Einstellbare Tiefengrenze;Hervorhebung von Sperrzonen","Übersichtlichkeit in allen Zoomstufen","nein"
"2025/11/01 5:54:34 AM MEZ","Öfter in Verbindung mit Papierkarten","Ich plane meine Routen damit;Ich fahre nach den geplanten Routen","Als verschlüsselte Datei auf einem standardisierten Datenträger wie SD-Card;Freie Seekarten ohne Verschlüsseliung und Nutzungs-Einschränkungen;Offene Seekarten, die ich auch anderweitig verwenden kann;Für avnav","Funktionalität","nix","Jedes halbe Jahr","ja","ja","Ist angemessen","Ist zu teuer","O-Charts","Seegebiete;Tiefenangaben;Tiefenlinien;Seezeichen;Leuchtfeuer und Lichtsignale;Aktualitätsdatum der Seekarte;Gefahrenstellen","2D-Tiefenkontur;Interaktive Informationen für Kartenobjekte;Hervorhebung von Sperrzonen","Ich habe keine Meinung dazu","nein"
"2025/11/01 6:57:12 AM MEZ","Öfter in Verbindung mit Papierkarten","Nur zur Anzeige des Standortes;Ich plane meine Routen damit","Freie Seekarten ohne Verschlüsseliung und Nutzungs-Einschränkungen;Standardsierte Seekarten, die in allen Geräten nutzbar sind;Offene Seekarten, die ich auch anderweitig verwenden kann","Layout der Karten;Funktionalität;Regelmäßige Updates","Updatezwang;Preis;Lizenzregeln","Ein Mal im Jahr","ja","nein","Ist angemessen","Ist zu teuer","O-Charts","Seegebiete;Hafeninformationen;Tiefenangaben;Seezeichen;Leuchtfeuer und Lichtsignale;Aktualitätsdatum der Seekarte;Gefahrenstellen","Einstellbare Tiefengrenze;Hervorhebung von Sperrzonen","Ich habe keine Meinung dazu","nein"
"2025/11/01 7:01:26 AM MEZ","Gelegentlich","Nur zur Anzeige des Standortes;Ich plane meine Routen damit","Freie Seekarten ohne Verschlüsseliung und Nutzungs-Einschränkungen","Regelmäßige Updates","Preis","Sporadisch nach Bedarf","nein","ja","Ist zu teuer","Ist zu teuer","Garmin / Boating (Navionics);NV-Charts","Hafeninformationen;Tiefenangaben;Seezeichen","2D-Tiefenkontur","Ich habe keine Meinung dazu","nein"
"2025/11/01 7:32:55 AM MEZ","Öfter in Verbindung mit Papierkarten","Nur zur Anzeige des Standortes;Ich plane meine Routen damit;Ich fahre nach den geplanten Routen;Ich benutze sie auch in Verbindung mit einem Autopiloten;Ich lasse mir Borddaten anzeigen","Als verschlüsselte Datei auf einem standardisierten Datenträger wie SD-Card","Funktionalität","Auswahl Farbpalette: Navionics z.B. sehr übel, C-Map sehr sehr gut","Ein Mal im Jahr","ja","nein","Ist angemessen","Ist zu teuer","Garmin / Boating (Navionics);C-Map;das alte iSailor... eine wirklich gute App.","Seegebiete;Tiefenangaben;Seezeichen;Leuchtfeuer und Lichtsignale;Tieden- und Strömungsdaten;Ankerplätze;Gefahrenstellen","Überlagerung von Wetterdaten;Überlagerung von Tieden und Strömungsdaten;Individuell gestaltbare Karten bzgl. Land- und Wassermassen","Wichtig ist mir, dass man keinen Augenkrebs bekommt, wenn man auf den Monitor schaut. Schlau ist, wer in dieser Hinsicht mit einem Designer zusammen arbeitet!","Viel Glück, Erfolg und ein gutes Händchen!"
"2025/11/01 7:36:43 AM MEZ","Ausschließlich elektronische Seekarten","Ich plane meine Routen damit;Ich benutze sie auch in Verbindung mit einem Autopiloten;Trackaufzeichnung","Freie Seekarten ohne Verschlüsseliung und Nutzungs-Einschränkungen","Layout der Karten;Funktionalität;Regelmäßige Updates","Preis;Lizenzregeln","Sporadisch nach Bedarf","ja","nein","Könnte auch teurer sein","Ist angemessen","NV-Charts","Seegebiete;Hafeninformationen;Tiefenangaben;Tiefenlinien;Seezeichen;Leuchtfeuer und Lichtsignale;Tieden- und Strömungsdaten;Aktualitätsdatum der Seekarte;Ankerplätze;Gefahrenstellen;Tankstellen, elektrische Lademöglichkeiten","2D-Tiefenkontur;Überlagerung von Wetterdaten;Überlagerung von Tieden und Strömungsdaten;Einstellbare Tiefengrenze;Hervorhebung von Sperrzonen","Schutz der bisherigen Funktion bei Updates","nein"
"2025/11/01 7:41:37 AM MEZ","Ausschließlich elektronische Seekarten","Ich plane meine Routen damit;Ich fahre nach den geplanten Routen","Freie Seekarten ohne Verschlüsseliung und Nutzungs-Einschränkungen;Standardsierte Seekarten, die in allen Geräten nutzbar sind;Offene Seekarten, die ich auch anderweitig verwenden kann","Layout der Karten;Funktionalität;Regelmäßige Updates","Layout der Karten;Funktionalität;Updatezwang","Sporadisch nach Bedarf","ja","nein","Ist angemessen","Ist zu teuer","Garmin / Boating (Navionics);Elektronische Seekarten des Plotterherstellers;Freie Seekarten","Tiefenangaben;Tiefenlinien;Leuchtfeuer und Lichtsignale;Aktualitätsdatum der Seekarte;Gefahrenstellen;Sperrgebiete","Interaktive Informationen für Kartenobjekte;Einstellbare Tiefengrenze;Hervorhebung von Sperrzonen","Aktualität aber auch Eigentum am einmal gekauften Stand","nein"
"2025/11/01 7:52:33 AM MEZ","Ausschließlich elektronische Seekarten;Öfter in Verbindung mit Papierkarten","Nur zur Anzeige des Standortes;Ich plane meine Routen damit;Ich lasse mir Borddaten anzeigen","Online Live-Seekarten mit Cloudanbindung auf aktuellstem Stand;Freie Seekarten ohne Verschlüsseliung und Nutzungs-Einschränkungen;Standardsierte Seekarten, die in allen Geräten nutzbar sind;Offene Seekarten, die ich auch anderweitig verwenden kann;Online nur für Törnplanung","Layout der Karten;Funktionalität;Regelmäßige Updates","Layout der Karten;Lizenzregeln","Überhaupt nicht","ja","ja","Ist angemessen","Ist angemessen","NV-Charts;iSailor (hatte ich jedenfalls mal, das Bedienkonzept fand ich gut)","Landgebiete;Seegebiete;Hafeninformationen;Tiefenangaben;Tiefenlinien;Seezeichen;Leuchtfeuer und Lichtsignale;Tieden- und Strömungsdaten;Aktualitätsdatum der Seekarte;Ankerplätze;Gefahrenstellen;Landgebiete zur Orientierung (bei iSailor ist das zB zu wenig)","2D-Tiefenkontur;Überblendeffekte zu anderen Karten wie z.B. Satellitenbildern;Interaktive Informationen für Kartenobjekte;Überlagerung von Wetterdaten;Überlagerung von Tieden und Strömungsdaten;Individuell gestaltbare Karten bzgl. Land- und Wassermassen;Einstellbare Tiefengrenze;Hervorhebung von Sperrzonen","Klares Kartenbild, passende Symbolgrössen, Skaliert gut, Leuchtfeuersektoren gut erkennbar","nein"
"2025/11/01 8:22:32 AM MEZ","Öfter in Verbindung mit Papierkarten","Nur zur Anzeige des Standortes;Ich plane meine Routen damit","Standardsierte Seekarten, die in allen Geräten nutzbar sind","Layout der Karten;Regelmäßige Updates;Abhängig vom Anbieter , hier Kartenwerft","Updatezwang;Preis;Lizenzregeln;Preis bezüglich des Kartenschnittes","Jedes halbe Jahr","ja","nein","Ist zu teuer","Ist angemessen","Garmin / Boating (Navionics);Navionics(alt) und jetzt ""Kartenwerft""","Seegebiete;Tiefenangaben;Tiefenlinien;Seezeichen;Leuchtfeuer und Lichtsignale;Ankerplätze;Gefahrenstellen;Achtung!  betrifft bei uns eh nur Ostsee, sonst mit Tieden","2D-Tiefenkontur;Interaktive Informationen für Kartenobjekte;Einstellbare Tiefengrenze;Hervorhebung von Sperrzonen","Überfrachtete Angaben sollte man dauerhaft ausblenden können.","Es ist schön das ihr so ein aufwendiges Projekt ins Auge fasst."
"2025/11/01 8:22:59 AM MEZ","Ausschließlich elektronische Seekarten","Ich plane meine Routen damit;Ich fahre nach den geplanten Routen;Ich benutze sie auch in Verbindung mit einem Autopiloten;Ich lasse mir Borddaten anzeigen","Standardsierte Seekarten, die in allen Geräten nutzbar sind","Layout der Karten;Funktionalität;Regelmäßige Updates","Preis;Lizenzregeln;Warnhinweis : Nicht zur Navigation geeignet!","Sporadisch nach Bedarf","ja","nein","Ist angemessen","Ist zu teuer","C-Map;TZ iBoat , iNavX, ","Landgebiete;Seegebiete;Hafeninformationen;Tiefenangaben;Tiefenlinien;Seezeichen;Leuchtfeuer und Lichtsignale;Tieden- und Strömungsdaten;Aktualitätsdatum der Seekarte;Gefahrenstellen;UKW Verkehrskanäle","2D-Tiefenkontur;Interaktive Informationen für Kartenobjekte;Überlagerung von Tieden und Strömungsdaten;Einstellbare Tiefengrenze;Hervorhebung von Sperrzonen","Zuverlässig, aktuell ","Ich nutze elektronische Seekarten ausschließlich auf dem Plotter (B & G) und auf den Apple Geräten."
"2025/11/01 8:29:41 AM MEZ","Öfter in Verbindung mit Papierkarten","Nur zur Anzeige des Standortes","Freie Seekarten ohne Verschlüsseliung und Nutzungs-Einschränkungen;Standardsierte Seekarten, die in allen Geräten nutzbar sind;Offene Seekarten, die ich auch anderweitig verwenden kann","Layout der Karten;Funktionalität;Regelmäßige Updates","Updatezwang;Herstellersupport;Preis","Sporadisch nach Bedarf","ja","ja","Ist zu teuer","Ist zu teuer","Garmin / Boating (Navionics)","Seegebiete;Tiefenangaben;Tiefenlinien;Seezeichen;Leuchtfeuer und Lichtsignale;Aktualitätsdatum der Seekarte;Gefahrenstellen","2D-Tiefenkontur;Interaktive Informationen für Kartenobjekte;Überlagerung von Tieden und Strömungsdaten;Hervorhebung von Sperrzonen","Ich habe keine Meinung dazu","nein"
"2025/11/01 8:30:03 AM MEZ","Ausschließlich elektronische Seekarten","Ich benutze sie auch in Verbindung mit einem Autopiloten;Ich lasse mir Borddaten anzeigen;Ich nutze sie zum navigieren","Als verschlüsselte Datei auf einem standardisierten Datenträger wie SD-Card;Standardsierte Seekarten, die in allen Geräten nutzbar sind;Offene Seekarten, die ich auch anderweitig verwenden kann","Layout der Karten;Funktionalität;Regelmäßige Updates","Updatezwang;Herstellersupport;Lizenzregeln","Sporadisch nach Bedarf","ja","nein","Ist zu teuer","Ist zu teuer","Garmin / Boating (Navionics)","Seegebiete;Hafeninformationen;Tiefenangaben;Seezeichen;Leuchtfeuer und Lichtsignale;Tieden- und Strömungsdaten;Aktualitätsdatum der Seekarte;Gefahrenstellen;aktuelle Informationen, z. B Sperrungen, Hindernisse, etc. ","2D-Tiefenkontur;Interaktive Informationen für Kartenobjekte;Überlagerung von Wetterdaten;Überlagerung von Tieden und Strömungsdaten;Einstellbare Tiefengrenze;Hervorhebung von Sperrzonen;Informationen zum aktuellen Kartendatum sichtbar auf der Karte im aktuell angezeigte Ausschnitt","Informationen, wie aktuell das dargestellte Fenster ist. Updateinfo Kartenbereich","nein"
"2025/11/01 8:34:58 AM MEZ","Ausschließlich elektronische Seekarten","Ich fahre nach den geplanten Routen;Ich benutze sie auch in Verbindung mit einem Autopiloten;Ich lasse mir Borddaten anzeigen","Freie Seekarten ohne Verschlüsseliung und Nutzungs-Einschränkungen;Standardsierte Seekarten, die in allen Geräten nutzbar sind","Layout der Karten;Funktionalität","Updatezwang;Preis","Jedes halbe Jahr","ja","ja","Ist zu teuer","Ist zu teuer","NV-Charts;O-Charts","Landgebiete;Seegebiete;Tiefenangaben;Tiefenlinien;Seezeichen;Leuchtfeuer und Lichtsignale;Gefahrenstellen","Interaktive Informationen für Kartenobjekte;Einstellbare Tiefengrenze;Hervorhebung von Sperrzonen","Ich habe keine Meinung dazu","nein"
"2025/11/01 8:36:29 AM MEZ","Ausschließlich elektronische Seekarten","Ich plane meine Routen damit;Ich fahre nach den geplanten Routen","Online Live-Seekarten mit Cloudanbindung auf aktuellstem Stand;Freie Seekarten ohne Verschlüsseliung und Nutzungs-Einschränkungen;Standardsierte Seekarten, die in allen Geräten nutzbar sind;Offene Seekarten, die ich auch anderweitig verwenden kann","Funktionalität;Regelmäßige Updates","Preis;Lizenzregeln","Sporadisch nach Bedarf","ja","nein","Ist zu teuer","Ist zu teuer","Garmin / Boating (Navionics)","Tiefenangaben;Ankerplätze;Gefahrenstellen","Einstellbare Tiefengrenze","Ich habe keine Meinung dazu","nein"
"2025/11/01 8:50:44 AM MEZ","Ausschließlich elektronische Seekarten","Nur zur Anzeige des Standortes;Ich plane meine Routen damit","Online Live-Seekarten mit Cloudanbindung auf aktuellstem Stand;Freie Seekarten ohne Verschlüsseliung und Nutzungs-Einschränkungen;Standardsierte Seekarten, die in allen Geräten nutzbar sind;Offene Seekarten, die ich auch anderweitig verwenden kann","Layout der Karten;Funktionalität","Updatezwang;Preis;Lizenzregeln;","Sporadisch nach Bedarf","ja","nein","Ist zu teuer","Ist zu teuer","Garmin / Boating (Navionics)","Seegebiete;Tiefenangaben;Tiefenlinien;Seezeichen;Leuchtfeuer und Lichtsignale;Tieden- und Strömungsdaten;Ankerplätze;Gefahrenstellen","2D-Tiefenkontur;Überblendeffekte zu anderen Karten wie z.B. Satellitenbildern;Überlagerung von Wetterdaten;Überlagerung von Tieden und Strömungsdaten;Einstellbare Tiefengrenze;Hervorhebung von Sperrzonen","Soll auf Handy Geräten laufen ","nein"
"2025/11/01 8:59:43 AM MEZ","Ausschließlich elektronische Seekarten","Nur zur Anzeige des Standortes;Ich plane meine Routen damit;Ich fahre nach den geplanten Routen;Ich lasse mir Borddaten anzeigen;Anzeige von AIS Daten, Gezeiten, Strömungen in Abhängigkeit zur Zeit ","Online Live-Seekarten mit Cloudanbindung auf aktuellstem Stand;Freie Seekarten ohne Verschlüsseliung und Nutzungs-Einschränkungen;Standardsierte Seekarten, die in allen Geräten nutzbar sind;Offene Seekarten, die ich auch anderweitig verwenden kann","Funktionalität;Regelmäßige Updates","Layout der Karten;Funktionalität;Navionics: Je nach Zoomstufe verschwinden wichtige Details (nicht nur beim rauszooomen), Trackbzum nächsten Wegpunkt ist so dick, dass Infos überlagert werden, Tracks immer gelb, Land auch","Sporadisch nach Bedarf","ja","nein","Ist angemessen","Ist zu teuer","Garmin / Boating (Navionics);O-Charts;Freie Seekarten","Landgebiete;Seegebiete;Hafeninformationen;Tiefenangaben;Tiefenlinien;Seezeichen;Leuchtfeuer und Lichtsignale;Tieden- und Strömungsdaten;Aktualitätsdatum der Seekarte;Ankerplätze;Gefahrenstellen","2D-Tiefenkontur;Überblendeffekte zu anderen Karten wie z.B. Satellitenbildern;Interaktive Informationen für Kartenobjekte;Individuell gestaltbare Karten bzgl. Land- und Wassermassen;Einstellbare Tiefengrenze;Hervorhebung von Sperrzonen","Aktualität, Konfigurierbarkeit. ","nein"
"2025/11/01 9:00:54 AM MEZ","Öfter in Verbindung mit Papierkarten","Nur zur Anzeige des Standortes;Ich benutze sie auch in Verbindung mit einem Autopiloten","Qualität, grosse Abdeckung, muss zum vorhandenen Plotter passen","Layout der Karten;Regelmäßige Updates","teilweise die Abdeckung","Sporadisch nach Bedarf","ja","ja","Ist angemessen","Ist angemessen","NV-Charts","Seegebiete;Tiefenangaben;Tiefenlinien;Seezeichen;Leuchtfeuer und Lichtsignale;Aktualitätsdatum der Seekarte","2D-Tiefenkontur;Interaktive Informationen für Kartenobjekte;Überlagerung von Tieden und Strömungsdaten;Einstellbare Tiefengrenze","Aktualität","nein"
"2025/11/01 9:16:52 AM MEZ","Ausschließlich elektronische Seekarten","Ich plane meine Routen damit;Ich fahre nach den geplanten Routen;Ich lasse mir Borddaten anzeigen","Standardsierte Seekarten, die in allen Geräten nutzbar sind;Konkret OpenCPN mit o-charts und qtvlm","Layout der Karten;Erweiterte Infos","Layout der Karten;Herstellersupport;Preis","Sporadisch nach Bedarf","ja","nein","Ist zu teuer","Ist zu teuer","O-Charts;Freie Seekarten;Meltemus","Seegebiete;Tiefenangaben;Tiefenlinien;Seezeichen;Leuchtfeuer und Lichtsignale;Tieden- und Strömungsdaten;Aktualitätsdatum der Seekarte;Gefahrenstellen;AIS","Interaktive Informationen für Kartenobjekte;Überlagerung von Tieden und Strömungsdaten;Individuell gestaltbare Karten bzgl. Land- und Wassermassen;Einstellbare Tiefengrenze","Kartenqualität und transparente Aktualität",""
"2025/11/01 9:24:06 AM MEZ","Öfter in Verbindung mit Papierkarten","Ich plane meine Routen damit","Freie Seekarten ohne Verschlüsseliung und Nutzungs-Einschränkungen;Standardsierte Seekarten, die in allen Geräten nutzbar sind;Offene Seekarten, die ich auch anderweitig verwenden kann","Layout der Karten;Funktionalität","Updatefrequenz und Instransparenz","Sporadisch nach Bedarf","nein","nein","Ist angemessen","Ist zu teuer","NV-Charts;Elektronische Seekarten des Plotterherstellers","Seegebiete;Hafeninformationen;Tiefenangaben;Tiefenlinien;Seezeichen;Leuchtfeuer und Lichtsignale;Aktualitätsdatum der Seekarte;Ankerplätze;Gefahrenstellen","2D-Tiefenkontur;Interaktive Informationen für Kartenobjekte;Überlagerung von Wetterdaten;Überlagerung von Tieden und Strömungsdaten;Einstellbare Tiefengrenze;Hervorhebung von Sperrzonen","Ich habe keine Meinung dazu","nein"
"2025/11/01 9:25:07 AM MEZ","Öfter in Verbindung mit Papierkarten","Nur zur Anzeige des Standortes;Ich plane meine Routen damit;Ich fahre nach den geplanten Routen;Ich lasse mir Borddaten anzeigen","Standardsierte Seekarten, die in allen Geräten nutzbar sind","Layout der Karten;Funktionalität;Regelmäßige Updates;Herstellersupport","Updatezwang;Preis;Lizenzregeln","Jedes halbe Jahr","ja","nein","Ist zu teuer","Ist zu teuer","NV-Charts","Seegebiete;Hafeninformationen;Tiefenangaben;Tiefenlinien;Seezeichen;Leuchtfeuer und Lichtsignale;Tieden- und Strömungsdaten;Aktualitätsdatum der Seekarte;Ankerplätze;Gefahrenstellen","2D-Tiefenkontur;Überblendeffekte zu anderen Karten wie z.B. Satellitenbildern;Überlagerung von Wetterdaten;Überlagerung von Tieden und Strömungsdaten;Einstellbare Tiefengrenze;Hervorhebung von Sperrzonen","Preis-Leistungs-Verhältnis","nein"
"2025/11/01 9:25:43 AM MEZ","Ausschließlich elektronische Seekarten","Ich plane meine Routen damit;Ich benutze sie auch in Verbindung mit einem Autopiloten","Als verschlüsselte Datei auf einem propritären Datenträger, Nutzung eingeschränkt","Layout der Karten;Funktionalität;Regelmäßige Updates;Herstellersupport","Preis","Sporadisch nach Bedarf","ja","ja","Ist angemessen","Ist angemessen","Garmin / Boating (Navionics);Elektronische Seekarten des Plotterherstellers","Seegebiete;Tiefenangaben;Tiefenlinien;Seezeichen;Leuchtfeuer und Lichtsignale;Tieden- und Strömungsdaten;Aktualitätsdatum der Seekarte;Ankerplätze;Gefahrenstellen","2D-Tiefenkontur;Überlagerung von Wetterdaten;Überlagerung von Tieden und Strömungsdaten","Aktualität ","nein"
"2025/11/01 9:28:37 AM MEZ","Öfter in Verbindung mit Papierkarten","Nur zur Anzeige des Standortes;Ich plane meine Routen damit;Ich fahre nach den geplanten Routen","Online Live-Seekarten mit Cloudanbindung auf aktuellstem Stand;Freie Seekarten ohne Verschlüsseliung und Nutzungs-Einschränkungen","Layout der Karten;Funktionalität;Regelmäßige Updates","X","Ein Mal im Jahr","ja","ja","Ist angemessen","Ist angemessen","O-Charts","Seegebiete;Hafeninformationen;Tiefenangaben;Tiefenlinien;Seezeichen;Leuchtfeuer und Lichtsignale;Tieden- und Strömungsdaten;Ankerplätze","2D-Tiefenkontur;3D-Kontur am Tiefenmap;Interaktive Informationen für Kartenobjekte","Ich habe keine Meinung dazu",""
"2025/11/01 9:42:20 AM MEZ","Öfter in Verbindung mit Papierkarten","Ich plane meine Routen damit;Ich lasse mir Borddaten anzeigen","Online Live-Seekarten mit Cloudanbindung auf aktuellstem Stand;Freie Seekarten ohne Verschlüsseliung und Nutzungs-Einschränkungen;Standardsierte Seekarten, die in allen Geräten nutzbar sind","Layout der Karten;Regelmäßige Updates","Updatezwang;Herstellersupport;Preis;Lizenzregeln","Jedes halbe Jahr","ja","nein","Ist angemessen","Ist zu teuer","Garmin / Boating (Navionics);NV-Charts","Tiefenangaben;Tiefenlinien;Seezeichen;Leuchtfeuer und Lichtsignale;Tieden- und Strömungsdaten;Aktualitätsdatum der Seekarte;Ankerplätze;Gefahrenstellen","2D-Tiefenkontur;Überlagerung von Tieden und Strömungsdaten;Einstellbare Tiefengrenze;Hervorhebung von Sperrzonen","Ich habe keine Meinung dazu","nein"
"2025/11/01 9:51:35 AM MEZ","Ausschließlich elektronische Seekarten","Nur zur Anzeige des Standortes;Ich plane meine Routen damit;Ich fahre nach den geplanten Routen","Freie Seekarten ohne Verschlüsseliung und Nutzungs-Einschränkungen;Standardsierte Seekarten, die in allen Geräten nutzbar sind;Offene Seekarten, die ich auch anderweitig verwenden kann","Regelmäßige Updates","Updatezwang;Preis;Lizenzregeln","Sporadisch nach Bedarf","ja","nein","Ist angemessen","Ist angemessen","Freie Seekarten","Seegebiete;Tiefenangaben;Seezeichen;Leuchtfeuer und Lichtsignale;Aktualitätsdatum der Seekarte;Gefahrenstellen","2D-Tiefenkontur;Interaktive Informationen für Kartenobjekte;Überlagerung von Wetterdaten;Überlagerung von Tieden und Strömungsdaten;Einstellbare Tiefengrenze;Hervorhebung von Sperrzonen","Gute Übersicht, Filtermöglichkeiten für die Darstellung","nein"
"2025/11/01 9:53:30 AM MEZ","Ausschließlich elektronische Seekarten","Nur zur Anzeige des Standortes","Freie Seekarten ohne Verschlüsseliung und Nutzungs-Einschränkungen;Offene Seekarten, die ich auch anderweitig verwenden kann","Layout der Karten;Funktionalität;Regelmäßige Updates","Preis","Jedes halbe Jahr","ja","ja","Ist zu teuer","Ist zu teuer","NV-Charts","Seegebiete;Hafeninformationen;Tiefenangaben;Tiefenlinien;Seezeichen;Leuchtfeuer und Lichtsignale;Gefahrenstellen","2D-Tiefenkontur","Ich habe keine Meinung dazu","nein"
"2025/11/01 9:53:37 AM MEZ","Ausschließlich elektronische Seekarten;Öfter in Verbindung mit Papierkarten","Ich plane meine Routen damit;Ich fahre nach den geplanten Routen;Ich benutze sie auch in Verbindung mit einem Autopiloten;Ich lasse mir Borddaten anzeigen","Als verschlüsselte Datei auf einem propritären Datenträger, Nutzung eingeschränkt;Als verschlüsselte Datei auf einem standardisierten Datenträger wie SD-Card;Freie Seekarten ohne Verschlüsseliung und Nutzungs-Einschränkungen;Standardsierte Seekarten, die in allen Geräten nutzbar sind;Offene Seekarten, die ich auch anderweitig verwenden kann","Layout der Karten;Funktionalität;Regelmäßige Updates;Herstellersupport","Updatezwang;Preis;Lizenzregeln","Sporadisch nach Bedarf","ja","nein","Ist angemessen","Ist zu teuer","Garmin / Boating (Navionics);O-Charts","Seegebiete;Tiefenangaben;Tiefenlinien;Seezeichen;Leuchtfeuer und Lichtsignale;Tieden- und Strömungsdaten;Ankerplätze;Gefahrenstellen","2D-Tiefenkontur;Interaktive Informationen für Kartenobjekte;Überlagerung von Wetterdaten;Überlagerung von Tieden und Strömungsdaten;Einstellbare Tiefengrenze;Hervorhebung von Sperrzonen","Ich habe keine Meinung dazu","nein"
"2025/11/01 9:59:36 AM MEZ","Ausschließlich elektronische Seekarten","Ich fahre nach den geplanten Routen","Standardsierte Seekarten, die in allen Geräten nutzbar sind","Layout der Karten","Sind nicht aktuell genug","Ein Mal im Jahr","ja","ja","Ist angemessen","Ist zu teuer","NV-Charts","Tiefenangaben;Tiefenlinien;Seezeichen;Aktualitätsdatum der Seekarte","Überblendeffekte zu anderen Karten wie z.B. Satellitenbildern;Überlagerung von Tieden und Strömungsdaten","Die Aktualität der veränderlichen Tiefen",""
"2025/11/01 10:14:03 AM MEZ","Öfter in Verbindung mit Papierkarten","Ich plane meine Routen damit","Abokarten in der App","Layout der Karten;Funktionalität;Regelmäßige Updates;Herstellersupport","nichts","Jedes halbe Jahr","nein","ja","Ist angemessen","Ist angemessen","Garmin / Boating (Navionics)","Landgebiete;Seegebiete;Hafeninformationen;Tiefenangaben;Tiefenlinien;Seezeichen;Leuchtfeuer und Lichtsignale;Tieden- und Strömungsdaten;Aktualitätsdatum der Seekarte;Gefahrenstellen","2D-Tiefenkontur;Interaktive Informationen für Kartenobjekte;Überlagerung von Tieden und Strömungsdaten;Einstellbare Tiefengrenze;Hervorhebung von Sperrzonen","Aktuell, leicht bedienbar und übersichtliche Darstellung, plug and play","nein"
"2025/11/01 10:15:42 AM MEZ","Ausschließlich elektronische Seekarten","Nur zur Anzeige des Standortes;Ich plane meine Routen damit;Ich fahre nach den geplanten Routen","Online Live-Seekarten mit Cloudanbindung auf aktuellstem Stand;Standardsierte Seekarten, die in allen Geräten nutzbar sind;Offene Seekarten, die ich auch anderweitig verwenden kann","Layout der Karten;Funktionalität;Regelmäßige Updates","Herstellersupport","Ein Mal im Jahr","ja","nein","Ist angemessen","Ist zu teuer","Garmin / Boating (Navionics);NV-Charts","Seegebiete;Hafeninformationen;Tiefenangaben;Tiefenlinien;Seezeichen;Leuchtfeuer und Lichtsignale;Tieden- und Strömungsdaten;Aktualitätsdatum der Seekarte;Ankerplätze;Gefahrenstellen","Überlagerung von Wetterdaten;Überlagerung von Tieden und Strömungsdaten;Hervorhebung von Sperrzonen","Aktuell, IOS, Mac OS","nein"
"2025/11/01 10:16:43 AM MEZ","Öfter in Verbindung mit Papierkarten","Ich plane meine Routen damit;Ich fahre nach den geplanten Routen","Als verschlüsselte Datei auf einem standardisierten Datenträger wie SD-Card;Standardsierte Seekarten, die in allen Geräten nutzbar sind","Funktionalität","Preis;Lizenzregeln","Sporadisch nach Bedarf","ja","nein","Ist angemessen","Ist zu teuer","Garmin / Boating (Navionics)","Hafeninformationen;Tiefenangaben;Tiefenlinien;Seezeichen;Leuchtfeuer und Lichtsignale;Tieden- und Strömungsdaten;Aktualitätsdatum der Seekarte;Gefahrenstellen","2D-Tiefenkontur;Überlagerung von Wetterdaten;Überlagerung von Tieden und Strömungsdaten;Hervorhebung von Sperrzonen;Direkt erkennbare Zoomstufe (z.B. Roter Rand venn da noch infos fehlen)","Ich habe keine Meinung dazu","nein"
"2025/11/01 10:41:50 AM MEZ","Öfter in Verbindung mit Papierkarten","Ich plane meine Routen damit;Ich fahre nach den geplanten Routen;Ich benutze sie auch in Verbindung mit einem Autopiloten;Ich lasse mir Borddaten anzeigen","Als verschlüsselte Datei auf einem standardisierten Datenträger wie SD-Card;Freie Seekarten ohne Verschlüsseliung und Nutzungs-Einschränkungen;Standardsierte Seekarten, die in allen Geräten nutzbar sind","Layout der Karten;Funktionalität","Preis;Lizenzregeln","Sporadisch nach Bedarf","ja","nein","Ist angemessen","Ist zu teuer","NV-Charts;Raymarine","Seegebiete;Hafeninformationen;Tiefenangaben;Tiefenlinien;Seezeichen;Leuchtfeuer und Lichtsignale;Tieden- und Strömungsdaten;Gefahrenstellen","2D-Tiefenkontur;Interaktive Informationen für Kartenobjekte;Hervorhebung von Sperrzonen","Ich habe keine Meinung dazu","nein"
"2025/11/01 10:48:03 AM MEZ","Öfter in Verbindung mit Papierkarten","Nur zur Anzeige des Standortes;Ich lasse mir Borddaten anzeigen","Seekarten fest verbunden mit Hardware","Layout der Karten;Regelmäßige Updates;Herstellersupport","Preis","Sporadisch nach Bedarf","ja","ja","Ist angemessen","Ist angemessen","Garmin / Boating (Navionics)","Seegebiete;Tiefenangaben;Tiefenlinien;Seezeichen;Leuchtfeuer und Lichtsignale;Gefahrenstellen","Einstellbare Tiefengrenze;Hervorhebung von Sperrzonen","Ich habe keine Meinung dazu","nein"
"2025/11/01 11:11:17 AM MEZ","Ausschließlich elektronische Seekarten","Nur zur Anzeige des Standortes;Ich plane meine Routen damit;Ich benutze sie auch in Verbindung mit einem Autopiloten","Standardsierte Seekarten, die in allen Geräten nutzbar sind","Layout der Karten;Funktionalität;Regelmäßige Updates","Preis;Lizenzregeln","Sporadisch nach Bedarf","ja","nein","Ist angemessen","Ist zu teuer","Garmin / Boating (Navionics)","Seegebiete;Hafeninformationen;Tiefenangaben;Tiefenlinien;Seezeichen;Leuchtfeuer und Lichtsignale;Tieden- und Strömungsdaten;Aktualitätsdatum der Seekarte;Gefahrenstellen","Überlagerung von Wetterdaten;Einstellbare Tiefengrenze;Hervorhebung von Sperrzonen","Ich habe keine Meinung dazu","nein"
"2025/11/01 11:37:58 AM MEZ","Ausschließlich elektronische Seekarten","Nur zur Anzeige des Standortes;Ich plane meine Routen damit","Online Live-Seekarten mit Cloudanbindung auf aktuellstem Stand;Freie Seekarten ohne Verschlüsseliung und Nutzungs-Einschränkungen;Standardsierte Seekarten, die in allen Geräten nutzbar sind;Offene Seekarten, die ich auch anderweitig verwenden kann","Layout der Karten;Funktionalität;Regelmäßige Updates;Herstellersupport","Preis;Lizenzregeln","Sporadisch nach Bedarf","ja","nein","Ist zu teuer","Ist zu teuer","Freie Seekarten;Stentec","Seegebiete;Hafeninformationen;Tiefenangaben;Tiefenlinien;Seezeichen;Leuchtfeuer und Lichtsignale;Aktualitätsdatum der Seekarte;Ankerplätze;Gefahrenstellen","Überlagerung von Wetterdaten;Einstellbare Tiefengrenze;Hervorhebung von Sperrzonen","Ich habe keine Meinung dazu","nein"
"2025/11/01 11:56:12 AM MEZ","Ausschließlich elektronische Seekarten","Ich plane meine Routen damit;Ich fahre nach den geplanten Routen","Standardsierte Seekarten, die in allen Geräten nutzbar sind","Layout der Karten;Funktionalität;Regelmäßige Updates;Herstellersupport","Updatezwang;Preis;Lizenzregeln","Jedes halbe Jahr","ja","ja","Ist angemessen","Ist zu teuer","Garmin / Boating (Navionics)","Seegebiete;Hafeninformationen;Tiefenangaben;Tiefenlinien;Seezeichen;Leuchtfeuer und Lichtsignale;Tieden- und Strömungsdaten;Aktualitätsdatum der Seekarte;Ankerplätze;Gefahrenstellen","2D-Tiefenkontur;Überblendeffekte zu anderen Karten wie z.B. Satellitenbildern;Interaktive Informationen für Kartenobjekte;Überlagerung von Wetterdaten;Überlagerung von Tieden und Strömungsdaten;Hervorhebung von Sperrzonen","Ich habe keine Meinung dazu","nein"
"2025/11/01 12:32:52 PM MEZ","Ausschließlich elektronische Seekarten;Öfter in Verbindung mit Papierkarten","Nur zur Anzeige des Standortes;Ich plane meine Routen damit;Ich lasse mir Borddaten anzeigen","Seekarten fest verbunden mit Hardware;Standardsierte Seekarten, die in allen Geräten nutzbar sind","Funktionalität;Regelmäßige Updates","Updatezwang;Preis;Lizenzregeln","Jedes halbe Jahr","ja","nein","Ist zu teuer","Ist zu teuer","Garmin / Boating (Navionics);O-Charts","Seegebiete;Hafeninformationen;Tiefenangaben;Tiefenlinien;Seezeichen;Leuchtfeuer und Lichtsignale;Tieden- und Strömungsdaten;Ankerplätze;Gefahrenstellen","2D-Tiefenkontur;Überblendeffekte zu anderen Karten wie z.B. Satellitenbildern;Überlagerung von Wetterdaten;Überlagerung von Tieden und Strömungsdaten;Einstellbare Tiefengrenze","Ich habe keine Meinung dazu","nein"
"2025/11/01 12:32:58 PM MEZ","Ausschließlich elektronische Seekarten","Ich plane meine Routen damit;Ich fahre nach den geplanten Routen;Ich lasse mir Borddaten anzeigen","Standardsierte Seekarten, die in allen Geräten nutzbar sind","Layout der Karten;Funktionalität;Regelmäßige Updates;Herstellersupport","Preis","Sporadisch nach Bedarf","ja","ja","Ist zu teuer","Ist angemessen","Garmin / Boating (Navionics)","Seegebiete;Tiefenangaben;Tiefenlinien;Seezeichen;Leuchtfeuer und Lichtsignale;Tieden- und Strömungsdaten;Aktualitätsdatum der Seekarte;Gefahrenstellen","Einstellbare Tiefengrenze;Hervorhebung von Sperrzonen","Ich habe keine Meinung dazu","nein"
"2025/11/01 12:51:41 PM MEZ","Ausschließlich elektronische Seekarten","Nur zur Anzeige des Standortes;Ich plane meine Routen damit;Ich fahre nach den geplanten Routen;Ich benutze sie auch in Verbindung mit einem Autopiloten;Ich lasse mir Borddaten anzeigen","Online Live-Seekarten mit Cloudanbindung auf aktuellstem Stand;Freie Seekarten ohne Verschlüsseliung und Nutzungs-Einschränkungen;Standardsierte Seekarten, die in allen Geräten nutzbar sind;Offene Seekarten, die ich auch anderweitig verwenden kann","Layout der Karten;Funktionalität;Regelmäßige Updates;Herstellersupport;Nutze Orca","Preis;Lizenzregeln;Geodaten die mit steuermitteln erfasst wurden sollten für Bürger frei sein","Sporadisch nach Bedarf","ja","nein","Ist zu teuer","Ist zu teuer","Garmin / Boating (Navionics);Orca","Seegebiete;Tiefenangaben;Tiefenlinien;Seezeichen;Leuchtfeuer und Lichtsignale;Tieden- und Strömungsdaten;Ankerplätze","Überblendeffekte zu anderen Karten wie z.B. Satellitenbildern;Interaktive Informationen für Kartenobjekte;Überlagerung von Tieden und Strömungsdaten;Einstellbare Tiefengrenze;Hervorhebung von Sperrzonen","Lesbarkeit, gut eingestellte Sichtbarkeit von Details nach Zoomstufe","nein"
"2025/11/01 1:28:27 PM MEZ","Ausschließlich elektronische Seekarten;Öfter in Verbindung mit Papierkarten","Ich plane meine Routen damit;Ich benutze sie auch in Verbindung mit einem Autopiloten;Ich lasse mir Borddaten anzeigen","Online Live-Seekarten mit Cloudanbindung auf aktuellstem Stand;Freie Seekarten ohne Verschlüsseliung und Nutzungs-Einschränkungen;Standardsierte Seekarten, die in allen Geräten nutzbar sind","Layout der Karten;Funktionalität;Regelmäßige Updates","Updatezwang;Herstellersupport;Preis;Lizenzregeln","Sporadisch nach Bedarf","ja","nein","Ist zu teuer","Ist zu teuer","Garmin / Boating (Navionics);NV-Charts","Seegebiete;Tiefenangaben;Tiefenlinien;Leuchtfeuer und Lichtsignale;Tieden- und Strömungsdaten","Überblendeffekte zu anderen Karten wie z.B. Satellitenbildern;Überlagerung von Wetterdaten;Hervorhebung von Sperrzonen","Funktionalität ","nein"
"2025/11/01 1:36:26 PM MEZ","Öfter in Verbindung mit Papierkarten","Nur zur Anzeige des Standortes","Als verschlüsselte Datei auf einem standardisierten Datenträger wie SD-Card","Regelmäßige Updates","Layout der Karten","Sporadisch nach Bedarf","ja","nein","Ist zu teuer","Ist angemessen","Garmin / Boating (Navionics);C-Map","Seegebiete;Hafeninformationen;Tiefenangaben;Tiefenlinien;Aktualitätsdatum der Seekarte","Überlagerung von Wetterdaten;Überlagerung von Tieden und Strömungsdaten;Einstellbare Tiefengrenze","Ich habe keine Meinung dazu","nein"
"2025/11/01 1:45:22 PM MEZ","Öfter in Verbindung mit Papierkarten","Ich plane meine Routen damit;Ich fahre nach den geplanten Routen;Ich lasse mir Borddaten anzeigen;Ankeralam, Signal K, ect","Als verschlüsselte Datei auf einem standardisierten Datenträger wie SD-Card;Seekarten fest verbunden mit Hardware;Offene Seekarten, die ich auch anderweitig verwenden kann;Backup: Sasplanet: Navionics, C-map, Transas","Layout der Karten;Funktionalität","Herstellersupport;Preis;Lizenzregeln","Ein Mal im Jahr","ja","nein","Ist zu teuer","Ist zu teuer","Garmin / Boating (Navionics);C-Map;Freie Seekarten;Selbst erstellte oder eingescannte Seekarten;Transas","Seegebiete;Hafeninformationen;Tiefenangaben;Tiefenlinien;Seezeichen;Leuchtfeuer und Lichtsignale;Tieden- und Strömungsdaten;Aktualitätsdatum der Seekarte;Gefahrenstellen","2D-Tiefenkontur;Überblendeffekte zu anderen Karten wie z.B. Satellitenbildern;Interaktive Informationen für Kartenobjekte;Überlagerung von Wetterdaten;Überlagerung von Tieden und Strömungsdaten","Keine Abzocke","nein"
"2025/11/01 3:15:36 PM MEZ","Öfter in Verbindung mit Papierkarten","Nur zur Anzeige des Standortes;Ich plane meine Routen damit;Ich fahre nach den geplanten Routen;Ich benutze sie auch in Verbindung mit einem Autopiloten;Ich lasse mir Borddaten anzeigen","Online Live-Seekarten mit Cloudanbindung auf aktuellstem Stand;Seekarten fest verbunden mit Hardware","Layout der Karten;Funktionalität;Regelmäßige Updates;Herstellersupport","Lizenzregeln","Sporadisch nach Bedarf","ja","ja","Ist angemessen","Ist angemessen","NV-Charts;O-Charts","Seegebiete;Hafeninformationen;Tiefenangaben;Tiefenlinien;Seezeichen;Leuchtfeuer und Lichtsignale;Tieden- und Strömungsdaten;Aktualitätsdatum der Seekarte;Ankerplätze;Gefahrenstellen","Überlagerung von Wetterdaten;Überlagerung von Tieden und Strömungsdaten;Einstellbare Tiefengrenze;Hervorhebung von Sperrzonen"," Gute Skalierbarkeit um die Übersicht zu behalten",""
"2025/11/01 3:37:38 PM MEZ","Öfter in Verbindung mit Papierkarten","Ich plane meine Routen damit;Ich fahre nach den geplanten Routen;Ich lasse mir Borddaten anzeigen","Als verschlüsselte Datei auf einem standardisierten Datenträger wie SD-Card;Freie Seekarten ohne Verschlüsseliung und Nutzungs-Einschränkungen;Seekarten fest verbunden mit Hardware;Standardsierte Seekarten, die in allen Geräten nutzbar sind;Offene Seekarten, die ich auch anderweitig verwenden kann","Layout der Karten;Regelmäßige Updates;Herstellersupport","Funktionalität;Preis","Sporadisch nach Bedarf","ja","ja","Ist angemessen","Ist zu teuer","O-Charts;Orca","Seegebiete;Tiefenangaben;Tiefenlinien;Seezeichen;Leuchtfeuer und Lichtsignale;Tieden- und Strömungsdaten;Gefahrenstellen","2D-Tiefenkontur;Interaktive Informationen für Kartenobjekte;Überlagerung von Wetterdaten;Überlagerung von Tieden und Strömungsdaten;Individuell gestaltbare Karten bzgl. Land- und Wassermassen;Einstellbare Tiefengrenze;Hervorhebung von Sperrzonen","Ich habe keine Meinung dazu","nein"
"2025/11/01 4:15:44 PM MEZ","Öfter in Verbindung mit Papierkarten","Nur zur Anzeige des Standortes;Ich plane meine Routen damit;Ich fahre nach den geplanten Routen","Als verschlüsselte Datei auf einem propritären Datenträger, Nutzung eingeschränkt","Layout der Karten;Regelmäßige Updates","Preis;Lizenzregeln","Sporadisch nach Bedarf","ja","nein","Ist zu teuer","Ist zu teuer","Garmin / Boating (Navionics)","Seegebiete;Tiefenangaben;Tiefenlinien;Seezeichen;Aktualitätsdatum der Seekarte;Gefahrenstellen","2D-Tiefenkontur;Einstellbare Tiefengrenze","Genauigkeit und Aktuellität","nein"
"2025/11/01 4:35:12 PM MEZ","Ausschließlich elektronische Seekarten","Nur zur Anzeige des Standortes;Ich lasse mir Borddaten anzeigen","Als verschlüsselte Datei auf einem standardisierten Datenträger wie SD-Card;Freie Seekarten ohne Verschlüsseliung und Nutzungs-Einschränkungen;Standardsierte Seekarten, die in allen Geräten nutzbar sind;Offene Seekarten, die ich auch anderweitig verwenden kann","Layout der Karten;Regelmäßige Updates;Lizenzregeln","Updatezwang;Preis;Lizenzregeln","Jedes halbe Jahr","ja","nein","Ist zu teuer","Ist zu teuer","O-Charts;Freie Seekarten","Tiefenangaben;Tiefenlinien;Seezeichen;Leuchtfeuer und Lichtsignale;Aktualitätsdatum der Seekarte;Ankerplätze;Gefahrenstellen","2D-Tiefenkontur;Interaktive Informationen für Kartenobjekte;Hervorhebung von Sperrzonen","Updating should be easy and possible without connecting the nav-pc to the internet.","nein"
"2025/11/01 4:43:32 PM MEZ","Ausschließlich elektronische Seekarten","Nur zur Anzeige des Standortes;Ich plane meine Routen damit","Online Live-Seekarten mit Cloudanbindung auf aktuellstem Stand;Freie Seekarten ohne Verschlüsseliung und Nutzungs-Einschränkungen;Standardsierte Seekarten, die in allen Geräten nutzbar sind;Offene Seekarten, die ich auch anderweitig verwenden kann","Regelmäßige Updates","Layout der Karten;Funktionalität;Herstellersupport;Preis;Lizenzregeln","Sporadisch nach Bedarf","ja","nein","Ist zu teuer","Ist zu teuer","Garmin / Boating (Navionics)","Seegebiete;Hafeninformationen;Tiefenangaben;Tiefenlinien;Seezeichen;Leuchtfeuer und Lichtsignale;Tieden- und Strömungsdaten;Aktualitätsdatum der Seekarte;Ankerplätze;Gefahrenstellen","Interaktive Informationen für Kartenobjekte;Überlagerung von Wetterdaten;Überlagerung von Tieden und Strömungsdaten;Einstellbare Tiefengrenze;Hervorhebung von Sperrzonen","Ich habe keine Meinung dazu","nein"
"2025/11/01 4:49:33 PM MEZ","Ausschließlich elektronische Seekarten","Nur zur Anzeige des Standortes;Ich plane meine Routen damit;Ich fahre nach den geplanten Routen;Ich benutze sie auch in Verbindung mit einem Autopiloten","Freie Seekarten ohne Verschlüsseliung und Nutzungs-Einschränkungen;Standardsierte Seekarten, die in allen Geräten nutzbar sind;Offene Seekarten, die ich auch anderweitig verwenden kann","Layout der Karten;Funktionalität;Regelmäßige Updates","Preis;Lizenzregeln","Sporadisch nach Bedarf","ja","nein","Ist zu teuer","Ist zu teuer","Garmin / Boating (Navionics)","Seegebiete;Tiefenangaben;Tiefenlinien;Seezeichen;Leuchtfeuer und Lichtsignale;Ankerplätze;Gefahrenstellen","2D-Tiefenkontur;3D-Kontur am Tiefenmap;Einstellbare Tiefengrenze;Hervorhebung von Sperrzonen","Ich habe keine Meinung dazu","nein"
"2025/11/01 4:51:54 PM MEZ","Ausschließlich elektronische Seekarten","Nur zur Anzeige des Standortes;Ich plane meine Routen damit;Ich fahre nach den geplanten Routen;Ich benutze sie auch in Verbindung mit einem Autopiloten;Ich lasse mir Borddaten anzeigen","Online Live-Seekarten mit Cloudanbindung auf aktuellstem Stand;Als verschlüsselte Datei auf einem standardisierten Datenträger wie SD-Card;Standardsierte Seekarten, die in allen Geräten nutzbar sind","Layout der Karten;Funktionalität;Regelmäßige Updates","Preis;Lizenzregeln","Sporadisch nach Bedarf","ja","nein","Ist angemessen","Ist angemessen","Garmin / Boating (Navionics)","Seegebiete;Hafeninformationen;Tiefenangaben;Tiefenlinien;Seezeichen;Leuchtfeuer und Lichtsignale;Tieden- und Strömungsdaten;Aktualitätsdatum der Seekarte;Ankerplätze;Gefahrenstellen","2D-Tiefenkontur;3D-Kontur am Tiefenmap;Interaktive Informationen für Kartenobjekte;Überlagerung von Tieden und Strömungsdaten;Einstellbare Tiefengrenze;Hervorhebung von Sperrzonen","Ich habe keine Meinung dazu","nein"
"2025/11/01 4:55:52 PM MEZ","Ausschließlich elektronische Seekarten","Ich fahre nach den geplanten Routen","Freie Seekarten ohne Verschlüsseliung und Nutzungs-Einschränkungen;Standardsierte Seekarten, die in allen Geräten nutzbar sind;Offene Seekarten, die ich auch anderweitig verwenden kann","Funktionalität;Regelmäßige Updates;Nutzung im Plotter","Preis","Jedes halbe Jahr","ja","nein","Ist zu teuer","Ist angemessen","Garmin / Boating (Navionics);O-Charts;Elektronische Seekarten des Plotterherstellers","Seegebiete;Tiefenangaben;Tiefenlinien;Seezeichen;Leuchtfeuer und Lichtsignale;Aktualitätsdatum der Seekarte;Gefahrenstellen","2D-Tiefenkontur;Einstellbare Tiefengrenze;Hervorhebung von Sperrzonen","Ich habe keine Meinung dazu","nein"
"2025/11/01 4:57:01 PM MEZ","Ausschließlich elektronische Seekarten","Nur zur Anzeige des Standortes;Ich plane meine Routen damit;Ich fahre nach den geplanten Routen;Ich lasse mir Borddaten anzeigen","Als verschlüsselte Datei auf einem propritären Datenträger, Nutzung eingeschränkt;Als verschlüsselte Datei auf einem standardisierten Datenträger wie SD-Card;Seekarten fest verbunden mit Hardware;Standardsierte Seekarten, die in allen Geräten nutzbar sind","Funktionalität;Regelmäßige Updates","Lizenzregeln","Jedes halbe Jahr","ja","nein","Ist angemessen","Ist angemessen","Garmin / Boating (Navionics);Elektronische Seekarten des Plotterherstellers","Seegebiete;Hafeninformationen;Tiefenangaben;Tiefenlinien;Seezeichen;Leuchtfeuer und Lichtsignale;Tieden- und Strömungsdaten;Aktualitätsdatum der Seekarte;Gefahrenstellen","2D-Tiefenkontur;Überblendeffekte zu anderen Karten wie z.B. Satellitenbildern;Interaktive Informationen für Kartenobjekte;Hervorhebung von Sperrzonen","Die Zuverlässigkeit","nein"
"2025/11/01 5:03:08 PM MEZ","Ausschließlich elektronische Seekarten","Ich plane meine Routen damit;Ich fahre nach den geplanten Routen","Standardsierte Seekarten, die in allen Geräten nutzbar sind;Offene Seekarten, die ich auch anderweitig verwenden kann","Layout der Karten;Funktionalität;Regelmäßige Updates","Preis;Lizenzregeln","Sporadisch nach Bedarf","ja","ja","Ist angemessen","Ist zu teuer","Garmin / Boating (Navionics);NV-Charts","Seegebiete;Hafeninformationen;Tiefenangaben;Tiefenlinien;Seezeichen;Leuchtfeuer und Lichtsignale;Tieden- und Strömungsdaten;Ankerplätze;Gefahrenstellen;Tiefenangabe der Wattfahrwasser wäre schön","Überblendeffekte zu anderen Karten wie z.B. Satellitenbildern;Interaktive Informationen für Kartenobjekte;Überlagerung von Tieden und Strömungsdaten","Einfache Routenplanung und Trackaufzeichnung","Das Gebiet ist mit bei jeweiligen NV Charts zu klein"
"2025/11/01 5:27:41 PM MEZ","Öfter in Verbindung mit Papierkarten","Ich plane meine Routen damit;Ich fahre nach den geplanten Routen","Freie Seekarten ohne Verschlüsseliung und Nutzungs-Einschränkungen;Standardsierte Seekarten, die in allen Geräten nutzbar sind;Offene Seekarten, die ich auch anderweitig verwenden kann","Funktionalität;Regelmäßige Updates","Preis;Lizenzregeln;beschränkte Anzahl erlaubter Installationen","Jedes halbe Jahr","nein","nein","Ist angemessen","Ist zu teuer","Garmin / Boating (Navionics);NV-Charts;O-Charts;Freie Seekarten","Seegebiete;Hafeninformationen;Tiefenangaben;Tiefenlinien;Seezeichen;Leuchtfeuer und Lichtsignale;Tieden- und Strömungsdaten;Aktualitätsdatum der Seekarte;Gefahrenstellen;Daten zu Brücken und Schleusen","2D-Tiefenkontur;Überblendeffekte zu anderen Karten wie z.B. Satellitenbildern;Interaktive Informationen für Kartenobjekte;Überlagerung von Wetterdaten;Überlagerung von Tieden und Strömungsdaten;Individuell gestaltbare Karten bzgl. Land- und Wassermassen;Einstellbare Tiefengrenze;Hervorhebung von Sperrzonen","Nachvollziehbarkeit der Aktualität","Viele Daten werden von offiziellen Stellen veröffentlicht, die wir mit Steuergeldern finanzieren. Warum sollte ich dann nochmals für die Nutzung zahlen müssen?"
"2025/11/01 6:06:41 PM MEZ","Gelegentlich","Ich plane meine Routen damit","Freie Seekarten ohne Verschlüsseliung und Nutzungs-Einschränkungen;Standardsierte Seekarten, die in allen Geräten nutzbar sind;Offene Seekarten, die ich auch anderweitig verwenden kann","Funktionalität","Preis;Lizenzregeln","Sporadisch nach Bedarf","ja","ja","Ist zu teuer","Ist zu teuer","Freie Seekarten;Selbst erstellte oder eingescannte Seekarten","Landgebiete;Seegebiete;Tiefenangaben;Tiefenlinien;Ankerplätze;Gefahrenstellen","2D-Tiefenkontur;Einstellbare Tiefengrenze;Hervorhebung von Sperrzonen","Ich habe keine Meinung dazu","nein"
"2025/11/01 7:57:35 PM MEZ","Ausschließlich elektronische Seekarten","Ich plane meine Routen damit;Ich fahre nach den geplanten Routen;Ich lasse mir Borddaten anzeigen","Online Live-Seekarten mit Cloudanbindung auf aktuellstem Stand;Freie Seekarten ohne Verschlüsseliung und Nutzungs-Einschränkungen;Standardsierte Seekarten, die in allen Geräten nutzbar sind;Offene Seekarten, die ich auch anderweitig verwenden kann","Layout der Karten;Funktionalität;Regelmäßige Updates","Updatezwang;Preis;Lizenzregeln","Jedes halbe Jahr","ja","ja","Ist angemessen","Ist zu teuer","Garmin / Boating (Navionics);O-Charts;Freie Seekarten;Selbst erstellte oder eingescannte Seekarten","Seegebiete;Hafeninformationen;Tiefenangaben;Tiefenlinien;Seezeichen;Leuchtfeuer und Lichtsignale;Tieden- und Strömungsdaten;Aktualitätsdatum der Seekarte;Ankerplätze;Gefahrenstellen","2D-Tiefenkontur;3D-Kontur am Tiefenmap;Überblendeffekte zu anderen Karten wie z.B. Satellitenbildern;Interaktive Informationen für Kartenobjekte;Überlagerung von Wetterdaten;Überlagerung von Tieden und Strömungsdaten","Ich habe keine Meinung dazu","nein"
"2025/11/01 8:05:46 PM MEZ","Ausschließlich elektronische Seekarten","Ich plane meine Routen damit;Ich fahre nach den geplanten Routen;Ich lasse mir Borddaten anzeigen","Freie Seekarten ohne Verschlüsseliung und Nutzungs-Einschränkungen;Seekarten fest verbunden mit Hardware;Standardsierte Seekarten, die in allen Geräten nutzbar sind;Offene Seekarten, die ich auch anderweitig verwenden kann","Layout der Karten;Regelmäßige Updates","Preis","Sporadisch nach Bedarf","ja","nein","Ist angemessen","Ist zu teuer","O-Charts;Freie Seekarten;Selbst erstellte oder eingescannte Seekarten","Seegebiete;Hafeninformationen;Tiefenangaben;Tiefenlinien;Seezeichen;Leuchtfeuer und Lichtsignale;Tieden- und Strömungsdaten;Aktualitätsdatum der Seekarte;Ankerplätze;Gefahrenstellen","Überblendeffekte zu anderen Karten wie z.B. Satellitenbildern;Interaktive Informationen für Kartenobjekte;Überlagerung von Wetterdaten;Überlagerung von Tieden und Strömungsdaten;Einstellbare Tiefengrenze;Hervorhebung von Sperrzonen","Ich habe keine Meinung dazu","nein"
"2025/11/01 8:36:32 PM MEZ","Ausschließlich elektronische Seekarten","Nur zur Anzeige des Standortes;Ich plane meine Routen damit;Ich fahre nach den geplanten Routen;Ich benutze sie auch in Verbindung mit einem Autopiloten","Freie Seekarten ohne Verschlüsseliung und Nutzungs-Einschränkungen;Standardsierte Seekarten, die in allen Geräten nutzbar sind","Layout der Karten;Funktionalität;Regelmäßige Updates","Preis;Lizenzregeln","Sporadisch nach Bedarf","ja","nein","Ist zu teuer","Ist zu teuer","C-Map;NV-Charts;Freie Seekarten","Seegebiete;Hafeninformationen;Tiefenangaben;Tiefenlinien;Seezeichen;Leuchtfeuer und Lichtsignale;Tieden- und Strömungsdaten;Aktualitätsdatum der Seekarte;Gefahrenstellen","2D-Tiefenkontur;Interaktive Informationen für Kartenobjekte;Überlagerung von Wetterdaten;Überlagerung von Tieden und Strömungsdaten;Einstellbare Tiefengrenze","Aktualität, Genauigkeit, einfach zu Handhaben.","nein"
"2025/11/01 8:37:53 PM MEZ","Öfter in Verbindung mit Papierkarten","Ich plane meine Routen damit;Ich lasse mir Borddaten anzeigen","Als verschlüsselte Datei auf einem standardisierten Datenträger wie SD-Card;Freie Seekarten ohne Verschlüsseliung und Nutzungs-Einschränkungen;Standardsierte Seekarten, die in allen Geräten nutzbar sind;Offene Seekarten, die ich auch anderweitig verwenden kann","Layout der Karten;Funktionalität;Regelmäßige Updates;Herstellersupport","Updatezwang;Preis;Lizenzregeln","Sporadisch nach Bedarf","ja","nein","Ist zu teuer","Ist zu teuer","NV-Charts;O-Charts;Freie Seekarten;Nautin.NL   ","Landgebiete;Seegebiete;Hafeninformationen;Tiefenangaben;Tiefenlinien;Seezeichen;Leuchtfeuer und Lichtsignale;Tieden- und Strömungsdaten;Aktualitätsdatum der Seekarte;Ankerplätze;Gefahrenstellen","Überlagerung von Wetterdaten;Überlagerung von Tieden und Strömungsdaten;Einstellbare Tiefengrenze;Hervorhebung von Sperrzonen","Gefahrenstellen sollten beim herauszoomen nicht ausgeblendet werden","nein"
"2025/11/01 9:05:40 PM MEZ","Ausschließlich elektronische Seekarten","Ich plane meine Routen damit","Freie Seekarten ohne Verschlüsseliung und Nutzungs-Einschränkungen;Standardsierte Seekarten, die in allen Geräten nutzbar sind","Preis","Preis","Sporadisch nach Bedarf","ja","ja","Ist angemessen","Ist zu teuer","Garmin / Boating (Navionics)","Hafeninformationen;Tiefenangaben","Hervorhebung von Sperrzonen","Ich habe keine Meinung dazu","nein"
"2025/11/01 9:09:38 PM MEZ","Öfter in Verbindung mit Papierkarten","Ich plane meine Routen damit;Ich lasse mir Borddaten anzeigen","Freie Seekarten ohne Verschlüsseliung und Nutzungs-Einschränkungen;Standardsierte Seekarten, die in allen Geräten nutzbar sind","Tiefenanzeige ","Updatezwang","Sporadisch nach Bedarf","ja","nein","Ist angemessen","Ist zu teuer","Garmin / Boating (Navionics);Raymarine","Seegebiete;Tiefenangaben;Tiefenlinien;Leuchtfeuer und Lichtsignale;Gefahrenstellen","2D-Tiefenkontur;Überlagerung von Wetterdaten","Ich habe keine Meinung dazu","nein"
"2025/11/01 10:15:28 PM MEZ","Ausschließlich elektronische Seekarten","Ich fahre nach den geplanten Routen;Planung und Navigation unterwegs","Freie Seekarten ohne Verschlüsseliung und Nutzungs-Einschränkungen;Standardsierte Seekarten, die in allen Geräten nutzbar sind","Layout der Karten;Funktionalität","Herstellersupport;Lizenzregeln;Unklare Daten Qualität/Aktualität","Sporadisch nach Bedarf","ja","nein","Ist angemessen","Ist zu teuer","Garmin / Boating (Navionics)","Seegebiete;Tiefenangaben;Tiefenlinien;Seezeichen;Tieden- und Strömungsdaten;Aktualitätsdatum der Seekarte;Ankerplätze;Gefahrenstellen","Interaktive Informationen für Kartenobjekte;Einstellbare Tiefengrenze;Hervorhebung von Sperrzonen","Aktualität. Klares Kartenbild.","nein"
"2025/11/01 10:51:46 PM MEZ","Ausschließlich elektronische Seekarten","Ich fahre nach den geplanten Routen","Als verschlüsselte Datei auf einem standardisierten Datenträger wie SD-Card;Standardsierte Seekarten, die in allen Geräten nutzbar sind","Layout der Karten;Funktionalität;Regelmäßige Updates","Preis;Lizenzregeln","Sporadisch nach Bedarf","ja","nein","Ist zu teuer","Ist zu teuer","Raymarine;O-Charts","Seegebiete;Tiefenangaben;Tiefenlinien;Seezeichen;Leuchtfeuer und Lichtsignale;Tieden- und Strömungsdaten","3D-Kontur am Tiefenmap;Interaktive Informationen für Kartenobjekte;Überlagerung von Wetterdaten;Überlagerung von Tieden und Strömungsdaten;Einstellbare Tiefengrenze;Hervorhebung von Sperrzonen","Ich habe keine Meinung dazu","nein"
"2025/11/02 2:42:55 AM MEZ","Öfter in Verbindung mit Papierkarten","Nur zur Anzeige des Standortes;Ich lasse mir Borddaten anzeigen","Als verschlüsselte Datei auf einem standardisierten Datenträger wie SD-Card;Standardsierte Seekarten, die in allen Geräten nutzbar sind;Offene Seekarten, die ich auch anderweitig verwenden kann","Layout der Karten;Funktionalität","Updatezwang;Preis;Lizenzregeln","Sporadisch nach Bedarf","ja","nein","Ist zu teuer","Ist zu teuer","C-Map;NV-Charts","Seegebiete;Hafeninformationen;Tiefenangaben;Tiefenlinien;Seezeichen;Leuchtfeuer und Lichtsignale;Gefahrenstellen","Überlagerung von Wetterdaten;Überlagerung von Tieden und Strömungsdaten;Einstellbare Tiefengrenze;Hervorhebung von Sperrzonen","Ich habe keine Meinung dazu","nein"
"2025/11/02 6:17:03 AM MEZ","Ausschließlich elektronische Seekarten","Nur zur Anzeige des Standortes;Ich plane meine Routen damit;Ich fahre nach den geplanten Routen","Als verschlüsselte Datei auf einem standardisierten Datenträger wie SD-Card;Freie Seekarten ohne Verschlüsseliung und Nutzungs-Einschränkungen;Standardsierte Seekarten, die in allen Geräten nutzbar sind;Offene Seekarten, die ich auch anderweitig verwenden kann","Funktionalität;Regelmäßige Updates","Updatezwang","Sporadisch nach Bedarf","ja","nein","Ist angemessen","Ist angemessen","Elektronische Seekarten des Plotterherstellers","Seegebiete;Hafeninformationen;Tiefenangaben;Tiefenlinien;Seezeichen;Aktualitätsdatum der Seekarte;Gefahrenstellen","2D-Tiefenkontur;Überblendeffekte zu anderen Karten wie z.B. Satellitenbildern;Einstellbare Tiefengrenze;Hervorhebung von Sperrzonen","Ich habe keine Meinung dazu","nein"
"2025/11/02 8:22:05 AM MEZ","Öfter in Verbindung mit Papierkarten","Ich plane meine Routen damit;Ich fahre nach den geplanten Routen;Ich lasse mir Borddaten anzeigen","Freie Seekarten ohne Verschlüsseliung und Nutzungs-Einschränkungen","Layout der Karten;Funktionalität;Regelmäßige Updates","Layout der Karten;Herstellersupport","Sporadisch nach Bedarf","ja","ja","Ist angemessen","Ist zu teuer","Garmin / Boating (Navionics);O-Charts","Seegebiete;Tiefenangaben;Tiefenlinien;Seezeichen;Leuchtfeuer und Lichtsignale;Aktualitätsdatum der Seekarte;Gefahrenstellen","Individuell gestaltbare Karten bzgl. Land- und Wassermassen;Einstellbare Tiefengrenze;Hervorhebung von Sperrzonen","Programm und Karten müssen stabil laufen, die Bedienung sollte einfach und intuitiv sein ","nein"
"2025/11/02 10:08:06 AM MEZ","Öfter in Verbindung mit Papierkarten","Nur zur Anzeige des Standortes","Freie Seekarten ohne Verschlüsseliung und Nutzungs-Einschränkungen;Standardsierte Seekarten, die in allen Geräten nutzbar sind","Regelmäßige Updates","Updatezwang;Preis;Lizenzregeln","Sporadisch nach Bedarf","ja","nein","Ist zu teuer","Ist zu teuer","Freie Seekarten","Landgebiete;Seegebiete;Tiefenangaben;Tiefenlinien;Seezeichen;Leuchtfeuer und Lichtsignale;Gefahrenstellen","2D-Tiefenkontur","Freie Seekarte, die auf älteren Garmin-Geräten (ohne Sperre für Nicht-Garmin-Karten)  nutzbar ist.","nein"
"2025/11/02 10:38:47 AM MEZ","Öfter in Verbindung mit Papierkarten","Nur zur Anzeige des Standortes;Ich plane meine Routen damit;Ich benutze sie auch in Verbindung mit einem Autopiloten;Ich lasse mir Borddaten anzeigen","Freie Seekarten ohne Verschlüsseliung und Nutzungs-Einschränkungen;Standardsierte Seekarten, die in allen Geräten nutzbar sind;Offene Seekarten, die ich auch anderweitig verwenden kann","Layout der Karten;Funktionalität","Updatezwang;Herstellersupport;Preis;Lizenzregeln","Ein Mal im Jahr","ja","nein","Ist zu teuer","Ist zu teuer","NV-Charts;O-Charts","Seegebiete;Hafeninformationen;Tiefenangaben;Tiefenlinien;Seezeichen;Leuchtfeuer und Lichtsignale;Aktualitätsdatum der Seekarte;Gefahrenstellen","2D-Tiefenkontur;Überblendeffekte zu anderen Karten wie z.B. Satellitenbildern;Interaktive Informationen für Kartenobjekte;Überlagerung von Tieden und Strömungsdaten;Individuell gestaltbare Karten bzgl. Land- und Wassermassen;Einstellbare Tiefengrenze;Hervorhebung von Sperrzonen;Aktuelle Wellenhöhen","Dass sie immer ohne Einschränkung funktionieren","nein"
"2025/11/02 10:43:59 AM MEZ","Ausschließlich elektronische Seekarten;Öfter in Verbindung mit Papierkarten","Nur zur Anzeige des Standortes;Ich plane meine Routen damit;Ich lasse mir Borddaten anzeigen","Online Live-Seekarten mit Cloudanbindung auf aktuellstem Stand;Als verschlüsselte Datei auf einem standardisierten Datenträger wie SD-Card;Standardsierte Seekarten, die in allen Geräten nutzbar sind","Layout der Karten;Funktionalität;Regelmäßige Updates","Updatezwang;Herstellersupport;Lizenzregeln","Jedes halbe Jahr","ja","nein","Ist angemessen","Ist angemessen","Garmin / Boating (Navionics);NV-Charts","Seegebiete;Hafeninformationen;Tiefenangaben;Tiefenlinien;Seezeichen;Leuchtfeuer und Lichtsignale;Tieden- und Strömungsdaten;Ankerplätze;Gefahrenstellen","2D-Tiefenkontur;Überblendeffekte zu anderen Karten wie z.B. Satellitenbildern;Interaktive Informationen für Kartenobjekte;Überlagerung von Wetterdaten;Überlagerung von Tieden und Strömungsdaten;Einstellbare Tiefengrenze;Überblendung Radar","Layout und Funktionsltät App und Plotter sollte gleich sein (z.B. Routenerstellung)",""
"2025/11/02 11:22:42 AM MEZ","Öfter in Verbindung mit Papierkarten","Ich fahre nach den geplanten Routen;Ich benutze sie auch in Verbindung mit einem Autopiloten;Ich lasse mir Borddaten anzeigen","Als verschlüsselte Datei auf einem standardisierten Datenträger wie SD-Card","Regelmäßige Updates","Preis","Ein Mal im Jahr","ja","ja","Ist angemessen","Ist zu teuer","Garmin / Boating (Navionics);O-Charts","Seegebiete;Hafeninformationen;Tiefenangaben;Seezeichen;Leuchtfeuer und Lichtsignale;Ankerplätze;Gefahrenstellen","Überblendeffekte zu anderen Karten wie z.B. Satellitenbildern;Überlagerung von Wetterdaten;Einblendung Radar","Ich habe keine Meinung dazu","nein"
"2025/11/02 12:54:22 PM MEZ","Öfter in Verbindung mit Papierkarten","Ich plane meine Routen damit;Ich fahre nach den geplanten Routen","Online Live-Seekarten mit Cloudanbindung auf aktuellstem Stand;Standardsierte Seekarten, die in allen Geräten nutzbar sind;Offene Seekarten, die ich auch anderweitig verwenden kann","Layout der Karten;Funktionalität;Regelmäßige Updates","Updatezwang;Herstellersupport;Preis;Lizenzregeln","Sporadisch nach Bedarf","ja","nein","Ist zu teuer","Ist zu teuer","Garmin / Boating (Navionics)","Landgebiete;Seegebiete;Hafeninformationen;Tiefenangaben;Tiefenlinien;Seezeichen;Leuchtfeuer und Lichtsignale;Tieden- und Strömungsdaten;Aktualitätsdatum der Seekarte;Ankerplätze;Gefahrenstellen","2D-Tiefenkontur;Überblendeffekte zu anderen Karten wie z.B. Satellitenbildern;Interaktive Informationen für Kartenobjekte;Überlagerung von Wetterdaten;Überlagerung von Tieden und Strömungsdaten;Einstellbare Tiefengrenze;Hervorhebung von Sperrzonen","Standortanzeige","nein"
"2025/11/02 12:59:10 PM MEZ","Öfter in Verbindung mit Papierkarten","Ich plane meine Routen damit;Ich fahre nach den geplanten Routen","Als verschlüsselte Datei auf einem standardisierten Datenträger wie SD-Card","Regelmäßige Updates","Layout der Karten;Funktionalität","Sporadisch nach Bedarf","ja","ja","Ist angemessen","Ist angemessen","NV-Charts;Raymarine","Landgebiete;Seegebiete;Tiefenangaben;Tiefenlinien;Seezeichen;Leuchtfeuer und Lichtsignale;Tieden- und Strömungsdaten;Aktualitätsdatum der Seekarte;Gefahrenstellen","2D-Tiefenkontur;Überlagerung von Wetterdaten;Überlagerung von Tieden und Strömungsdaten;Individuell gestaltbare Karten bzgl. Land- und Wassermassen;Einstellbare Tiefengrenze;Hervorhebung von Sperrzonen","Aktualität im Seegebiet, sauberes Handling bei Zoomstufen + Detailanzeigrn",""
"2025/11/02 1:18:35 PM MEZ","Öfter in Verbindung mit Papierkarten","Nur zur Anzeige des Standortes;Ich plane meine Routen damit;Ich fahre nach den geplanten Routen","Freie Seekarten ohne Verschlüsseliung und Nutzungs-Einschränkungen;Standardsierte Seekarten, die in allen Geräten nutzbar sind;Offene Seekarten, die ich auch anderweitig verwenden kann","Layout der Karten;Funktionalität;Regelmäßige Updates;Herstellersupport","Updatezwang;Preis;Lizenzregeln","Sporadisch nach Bedarf","ja","nein","Ist zu teuer","Ist zu teuer","Garmin / Boating (Navionics);C-Map;Elektronische Seekarten des Plotterherstellers;Freie Seekarten","Landgebiete;Seegebiete;Hafeninformationen;Tiefenangaben;Tiefenlinien;Leuchtfeuer und Lichtsignale;Aktualitätsdatum der Seekarte;Gefahrenstellen","2D-Tiefenkontur;Überblendeffekte zu anderen Karten wie z.B. Satellitenbildern;Interaktive Informationen für Kartenobjekte;Überlagerung von Tieden und Strömungsdaten;Einstellbare Tiefengrenze;Hervorhebung von Sperrzonen","Korrektheit, Ladegeschwindigkeit, KOntrast zur Lesbarkeit auch bei schlechtem Wetter/ starker Sonne","Es gibt kommerzielle elektronische Seekarten, die z.B. für den Bodensee falsch sind und stark abweichen von der Papierversion. Des weiteren: Es git OpenSeaMap, habt Ihr das auf dem Schirm? Und Was würdet Ihr anders/ besser machen als OpenSeaMap?"
"2025/11/02 1:48:20 PM MEZ","Ausschließlich elektronische Seekarten","Ich plane meine Routen damit;Ich benutze sie auch in Verbindung mit einem Autopiloten;Ich lasse mir Borddaten anzeigen","Online Live-Seekarten mit Cloudanbindung auf aktuellstem Stand;Seekarten fest verbunden mit Hardware;Offene Seekarten, die ich auch anderweitig verwenden kann","Layout der Karten;Funktionalität;Regelmäßige Updates","Preis;Lizenzregeln","Jedes halbe Jahr","ja","ja","Ist angemessen","Ist zu teuer","Raymarine;Orca Karten","Seegebiete;Tiefenangaben;Tiefenlinien;Seezeichen;Leuchtfeuer und Lichtsignale;Tieden- und Strömungsdaten;Aktualitätsdatum der Seekarte;Gefahrenstellen","Überlagerung von Tieden und Strömungsdaten;Einstellbare Tiefengrenze;Hervorhebung von Sperrzonen","Ich habe keine Meinung dazu","nein"
"2025/11/02 3:55:31 PM MEZ","Ausschließlich elektronische Seekarten","Ich fahre nach den geplanten Routen","Online Live-Seekarten mit Cloudanbindung auf aktuellstem Stand;Freie Seekarten ohne Verschlüsseliung und Nutzungs-Einschränkungen;Standardsierte Seekarten, die in allen Geräten nutzbar sind","Layout der Karten;Funktionalität;Regelmäßige Updates","Lizenzregeln","Ein Mal im Jahr","nein","nein","Ist angemessen","Ist zu teuer","Garmin / Boating (Navionics);Freie Seekarten;orca","Hafeninformationen;Tiefenangaben;Tiefenlinien;Seezeichen","2D-Tiefenkontur;Einstellbare Tiefengrenze;Hervorhebung von Sperrzonen","Ich habe keine Meinung dazu","nein"
"2025/11/02 3:59:15 PM MEZ","Ausschließlich elektronische Seekarten","Ich plane meine Routen damit;Ich fahre nach den geplanten Routen","Online Live-Seekarten mit Cloudanbindung auf aktuellstem Stand;Freie Seekarten ohne Verschlüsseliung und Nutzungs-Einschränkungen;Standardsierte Seekarten, die in allen Geräten nutzbar sind","Layout der Karten;Funktionalität","Preis;Lizenzregeln","Sporadisch nach Bedarf","ja","nein","Ist zu teuer","Ist angemessen","Orca","Seegebiete;Hafeninformationen;Tiefenangaben;Seezeichen;Leuchtfeuer und Lichtsignale;Ankerplätze;Gefahrenstellen","2D-Tiefenkontur;Überlagerung von Wetterdaten;Individuell gestaltbare Karten bzgl. Land- und Wassermassen;Einstellbare Tiefengrenze;Hervorhebung von Sperrzonen","Ich habe keine Meinung dazu","nein"
"2025/11/02 4:18:29 PM MEZ","Ausschließlich elektronische Seekarten","Nur zur Anzeige des Standortes;Ich plane meine Routen damit;Ich fahre nach den geplanten Routen","Freie Seekarten ohne Verschlüsseliung und Nutzungs-Einschränkungen;Standardsierte Seekarten, die in allen Geräten nutzbar sind","Layout der Karten;Funktionalität;Regelmäßige Updates","Preis","Jedes halbe Jahr","ja","ja","Ist angemessen","Ist angemessen","Garmin / Boating (Navionics)","Seegebiete;Hafeninformationen;Tiefenangaben;Tiefenlinien;Seezeichen;Leuchtfeuer und Lichtsignale;Tieden- und Strömungsdaten","2D-Tiefenkontur;3D-Kontur am Tiefenmap;Überlagerung von Tieden und Strömungsdaten;Hervorhebung von Sperrzonen","Ich habe keine Meinung dazu","nein"
"2025/11/02 5:30:19 PM MEZ","Öfter in Verbindung mit Papierkarten","Nur zur Anzeige des Standortes;Ich benutze sie auch in Verbindung mit einem Autopiloten","Als verschlüsselte Datei auf einem standardisierten Datenträger wie SD-Card;Standardsierte Seekarten, die in allen Geräten nutzbar sind","Layout der Karten;Funktionalität;Regelmäßige Updates;Preis","Preis","Ein Mal im Jahr","ja","ja","Ist angemessen","Ist zu teuer","Garmin / Boating (Navionics)","Seegebiete;Hafeninformationen;Tiefenangaben;Tiefenlinien;Seezeichen;Leuchtfeuer und Lichtsignale;Aktualitätsdatum der Seekarte;Ankerplätze;Gefahrenstellen","2D-Tiefenkontur;Überblendeffekte zu anderen Karten wie z.B. Satellitenbildern;Interaktive Informationen für Kartenobjekte","Richtigkeit der Angaben, Detailtreue","nein"
"2025/11/02 6:03:10 PM MEZ","Ausschließlich elektronische Seekarten;Öfter in Verbindung mit Papierkarten","Nur zur Anzeige des Standortes;Ich plane meine Routen damit;Ich fahre nach den geplanten Routen","Online Live-Seekarten mit Cloudanbindung auf aktuellstem Stand;Freie Seekarten ohne Verschlüsseliung und Nutzungs-Einschränkungen;Standardsierte Seekarten, die in allen Geräten nutzbar sind;Offene Seekarten, die ich auch anderweitig verwenden kann","Layout der Karten;Funktionalität","Updatezwang;Herstellersupport;Preis;Lizenzregeln","Sporadisch nach Bedarf","ja","nein","Ist zu teuer","Ist zu teuer","O-Charts;Freie Seekarten;Selbst erstellte oder eingescannte Seekarten","Landgebiete;Seegebiete;Hafeninformationen;Tiefenangaben;Tiefenlinien;Seezeichen;Leuchtfeuer und Lichtsignale;Tieden- und Strömungsdaten;Aktualitätsdatum der Seekarte;Ankerplätze;Gefahrenstellen","2D-Tiefenkontur;Überlagerung von Wetterdaten;Überlagerung von Tieden und Strömungsdaten","Ich habe keine Meinung dazu","nein"
"2025/11/02 6:09:18 PM MEZ","Gelegentlich","Nur zur Anzeige des Standortes","Freie Seekarten ohne Verschlüsseliung und Nutzungs-Einschränkungen;Standardsierte Seekarten, die in allen Geräten nutzbar sind;Offene Seekarten, die ich auch anderweitig verwenden kann","Layout der Karten;Regelmäßige Updates","Preis","Sporadisch nach Bedarf","ja","ja","Ist zu teuer","Ist zu teuer","C-Map;Freie Seekarten","Seegebiete;Tiefenangaben;Tiefenlinien;Seezeichen;Leuchtfeuer und Lichtsignale;Gefahrenstellen","2D-Tiefenkontur;Einstellbare Tiefengrenze;Hervorhebung von Sperrzonen","Ich habe keine Meinung dazu","nein"
"2025/11/02 6:56:46 PM MEZ","Ausschließlich elektronische Seekarten","Nur zur Anzeige des Standortes;Ich plane meine Routen damit;Ich fahre nach den geplanten Routen;Ich benutze sie auch in Verbindung mit einem Autopiloten;Ich lasse mir Borddaten anzeigen","Online Live-Seekarten mit Cloudanbindung auf aktuellstem Stand","Layout der Karten;Funktionalität;Regelmäßige Updates;Preis","Herstellersupport;Lizenzregeln","Überhaupt nicht","nein","ja","Ist angemessen","Könnte auch teurer sein","Orca","Seegebiete;Hafeninformationen;Tiefenangaben;Tiefenlinien;Seezeichen;Leuchtfeuer und Lichtsignale;Tieden- und Strömungsdaten;Aktualitätsdatum der Seekarte;Ankerplätze;Gefahrenstellen","2D-Tiefenkontur;3D-Kontur am Tiefenmap;Überblendeffekte zu anderen Karten wie z.B. Satellitenbildern;Interaktive Informationen für Kartenobjekte;Überlagerung von Wetterdaten;Überlagerung von Tieden und Strömungsdaten;Individuell gestaltbare Karten bzgl. Land- und Wassermassen;Einstellbare Tiefengrenze;Hervorhebung von Sperrzonen","Ich habe keine Meinung dazu","nein"
"2025/11/02 9:08:13 PM MEZ","Ausschließlich elektronische Seekarten","Ich plane meine Routen damit;Ich fahre nach den geplanten Routen;Ich benutze sie auch in Verbindung mit einem Autopiloten","Als verschlüsselte Datei auf einem standardisierten Datenträger wie SD-Card","Regelmäßige Updates","bisher nichts ","Jedes halbe Jahr","ja","ja","Ist angemessen","Ist angemessen","Garmin / Boating (Navionics)","Seegebiete;Tiefenangaben;Tiefenlinien;Seezeichen;Leuchtfeuer und Lichtsignale","2D-Tiefenkontur;Überblendeffekte zu anderen Karten wie z.B. Satellitenbildern;Überlagerung von Wetterdaten","die Genauigkeit ","ich Update die Karten min. 14tägig"
"2025/11/02 10:00:11 PM MEZ","Gelegentlich","Ich plane meine Routen damit","Online Live-Seekarten mit Cloudanbindung auf aktuellstem Stand;Freie Seekarten ohne Verschlüsseliung und Nutzungs-Einschränkungen;Standardsierte Seekarten, die in allen Geräten nutzbar sind;Offene Seekarten, die ich auch anderweitig verwenden kann","Layout der Karten;Funktionalität;Regelmäßige Updates","Preis;Lizenzregeln","Sporadisch nach Bedarf","ja","ja","Ist angemessen","Ist angemessen","O-Charts;Freie Seekarten;Selbst erstellte oder eingescannte Seekarten","Tiefenangaben;Tiefenlinien;Aktualitätsdatum der Seekarte","2D-Tiefenkontur;Überblendeffekte zu anderen Karten wie z.B. Satellitenbildern;Interaktive Informationen für Kartenobjekte;Überlagerung von Wetterdaten;Überlagerung von Tieden und Strömungsdaten","Ich habe keine Meinung dazu","nein"
"2025/11/02 10:54:46 PM MEZ","Öfter in Verbindung mit Papierkarten","Nur zur Anzeige des Standortes;Ich plane meine Routen damit;Ich fahre nach den geplanten Routen;Ich benutze sie auch in Verbindung mit einem Autopiloten","Als verschlüsselte Datei auf einem standardisierten Datenträger wie SD-Card;Freie Seekarten ohne Verschlüsseliung und Nutzungs-Einschränkungen;Standardsierte Seekarten, die in allen Geräten nutzbar sind","Layout der Karten;Funktionalität","Updatezwang;Herstellersupport;Preis;Lizenzregeln;seltene Updates","Ein Mal im Jahr","ja","nein","Ist angemessen","Ist angemessen","C-Map;NV-Charts","Seegebiete;Tiefenangaben;Tiefenlinien;Seezeichen;Leuchtfeuer und Lichtsignale;Aktualitätsdatum der Seekarte;Gefahrenstellen","2D-Tiefenkontur;Einstellbare Tiefengrenze;Hervorhebung von Sperrzonen","Gute und übersichtliche Darstellung der Tiefen und Gefahrstellen","nein"
"2025/11/03 12:03:38 AM MEZ","Ausschließlich elektronische Seekarten;Öfter in Verbindung mit Papierkarten","Ich plane meine Routen damit;Ich fahre nach den geplanten Routen;Ich lasse mir Borddaten anzeigen","Online Live-Seekarten mit Cloudanbindung auf aktuellstem Stand;Als verschlüsselte Datei auf einem standardisierten Datenträger wie SD-Card;Offene Seekarten, die ich auch anderweitig verwenden kann","Funktionalität;Regelmäßige Updates","Herstellersupport;Preis;Lizenzregeln","Sporadisch nach Bedarf","ja","nein","Ist angemessen","Ist angemessen","Garmin / Boating (Navionics)","Seegebiete;Hafeninformationen;Tiefenangaben;Tiefenlinien;Seezeichen;Leuchtfeuer und Lichtsignale;Tieden- und Strömungsdaten;Aktualitätsdatum der Seekarte;Ankerplätze;Gefahrenstellen","2D-Tiefenkontur;Interaktive Informationen für Kartenobjekte;Überlagerung von Tieden und Strömungsdaten;Einstellbare Tiefengrenze;Hervorhebung von Sperrzonen","Aktualität ","nein"
"2025/11/03 7:11:25 AM MEZ","Öfter in Verbindung mit Papierkarten;Gelegentlich","Nur zur Anzeige des Standortes;Ich plane meine Routen damit","Freie Seekarten ohne Verschlüsseliung und Nutzungs-Einschränkungen;Standardsierte Seekarten, die in allen Geräten nutzbar sind;Offene Seekarten, die ich auch anderweitig verwenden kann","Layout der Karten;Funktionalität","Updatezwang;Preis;Lizenzregeln","Sporadisch nach Bedarf","ja","nein","Ist zu teuer","Ist zu teuer","Orca","Seegebiete;Hafeninformationen;Tiefenangaben;Tiefenlinien;Seezeichen;Leuchtfeuer und Lichtsignale;Ankerplätze;Gefahrenstellen","2D-Tiefenkontur;Einstellbare Tiefengrenze;Hervorhebung von Sperrzonen","Ich habe keine Meinung dazu","nein"
"2025/11/03 7:55:19 AM MEZ","Ausschließlich elektronische Seekarten","Ich fahre nach den geplanten Routen","Online Live-Seekarten mit Cloudanbindung auf aktuellstem Stand;Als verschlüsselte Datei auf einem standardisierten Datenträger wie SD-Card;Freie Seekarten ohne Verschlüsseliung und Nutzungs-Einschränkungen;Seekarten fest verbunden mit Hardware;Standardsierte Seekarten, die in allen Geräten nutzbar sind;Offene Seekarten, die ich auch anderweitig verwenden kann","Layout der Karten;Funktionalität;Regelmäßige Updates","Preis;Lizenzregeln","Sporadisch nach Bedarf","ja","nein","Ist zu teuer","Ist zu teuer","Garmin / Boating (Navionics)","Seegebiete;Hafeninformationen;Tiefenangaben;Tiefenlinien;Seezeichen;Leuchtfeuer und Lichtsignale;Tieden- und Strömungsdaten;Aktualitätsdatum der Seekarte;Ankerplätze;Gefahrenstellen","Interaktive Informationen für Kartenobjekte;Hervorhebung von Sperrzonen","Ich habe keine Meinung dazu","nein"
"2025/11/03 8:03:07 AM MEZ","Ausschließlich elektronische Seekarten","Ich plane meine Routen damit;Ich fahre nach den geplanten Routen;Ich lasse mir Borddaten anzeigen","Standardsierte Seekarten, die in allen Geräten nutzbar sind;Offene Seekarten, die ich auch anderweitig verwenden kann","Funktionalität","Preis;Lizenzregeln","Ein Mal im Jahr","ja","nein","Ist angemessen","Ist zu teuer","Garmin / Boating (Navionics)","Seegebiete;Tiefenangaben;Tiefenlinien;Seezeichen;Aktualitätsdatum der Seekarte;Gefahrenstellen","2D-Tiefenkontur;Interaktive Informationen für Kartenobjekte;Überlagerung von Wetterdaten;Überlagerung von Tieden und Strömungsdaten;Einstellbare Tiefengrenze;Hervorhebung von Sperrzonen","Ich habe keine Meinung dazu","nein"
"2025/11/03 9:27:53 AM MEZ","Öfter in Verbindung mit Papierkarten","Nur zur Anzeige des Standortes;Ich plane meine Routen damit;Ich fahre nach den geplanten Routen","Online Live-Seekarten mit Cloudanbindung auf aktuellstem Stand;Als verschlüsselte Datei auf einem standardisierten Datenträger wie SD-Card;Freie Seekarten ohne Verschlüsseliung und Nutzungs-Einschränkungen;Standardsierte Seekarten, die in allen Geräten nutzbar sind","Layout der Karten;Funktionalität;Regelmäßige Updates","Preis;Lizenzregeln","Jedes halbe Jahr","ja","nein","Ist angemessen","Ist zu teuer","Garmin / Boating (Navionics)","Seegebiete;Tiefenangaben;Tiefenlinien;Seezeichen;Leuchtfeuer und Lichtsignale","Überlagerung von Tieden und Strömungsdaten","Ich habe keine Meinung dazu","nein"
"2025/11/03 9:28:22 AM MEZ","Öfter in Verbindung mit Papierkarten","Nur zur Anzeige des Standortes;Ich plane meine Routen damit;Ich fahre nach den geplanten Routen","Online Live-Seekarten mit Cloudanbindung auf aktuellstem Stand;Freie Seekarten ohne Verschlüsseliung und Nutzungs-Einschränkungen;Seekarten fest verbunden mit Hardware","Layout der Karten;Funktionalität;Regelmäßige Updates","Lizenzregeln","Ein Mal im Jahr","ja","ja","Ist angemessen","Ist angemessen","Garmin / Boating (Navionics);Freie Seekarten","Seegebiete;Hafeninformationen;Tiefenangaben;Tiefenlinien;Seezeichen;Leuchtfeuer und Lichtsignale;Tieden- und Strömungsdaten;Aktualitätsdatum der Seekarte;Ankerplätze;Gefahrenstellen","2D-Tiefenkontur;Überblendeffekte zu anderen Karten wie z.B. Satellitenbildern;Überlagerung von Wetterdaten;Überlagerung von Tieden und Strömungsdaten;Einstellbare Tiefengrenze;Hervorhebung von Sperrzonen","Ich habe keine Meinung dazu","nein"
"2025/11/03 9:56:23 AM MEZ","Öfter in Verbindung mit Papierkarten","Nur zur Anzeige des Standortes;Ich plane meine Routen damit;Ich lasse mir Borddaten anzeigen","Online Live-Seekarten mit Cloudanbindung auf aktuellstem Stand;Als verschlüsselte Datei auf einem standardisierten Datenträger wie SD-Card;Freie Seekarten ohne Verschlüsseliung und Nutzungs-Einschränkungen;Standardsierte Seekarten, die in allen Geräten nutzbar sind;Offene Seekarten, die ich auch anderweitig verwenden kann","Layout der Karten;Funktionalität;Regelmäßige Updates;Herstellersupport","Preis;Lizenzregeln","Ein Mal im Jahr","ja","nein","Ist angemessen","Ist angemessen","Garmin / Boating (Navionics)","Seegebiete;Tiefenangaben;Tiefenlinien;Seezeichen;Leuchtfeuer und Lichtsignale;Tieden- und Strömungsdaten;Aktualitätsdatum der Seekarte;Ankerplätze;Gefahrenstellen","2D-Tiefenkontur;Interaktive Informationen für Kartenobjekte;Überlagerung von Wetterdaten;Überlagerung von Tieden und Strömungsdaten;Einstellbare Tiefengrenze;Hervorhebung von Sperrzonen","möglichst gute Übersichtlichkeit","nein"
"2025/11/03 10:10:52 AM MEZ","Ausschließlich elektronische Seekarten","Nur zur Anzeige des Standortes;Ich benutze sie auch in Verbindung mit einem Autopiloten;Ich lasse mir Borddaten anzeigen;AIS, Entfernungsmessung","Als verschlüsselte Datei auf einem standardisierten Datenträger wie SD-Card;Freie Seekarten ohne Verschlüsseliung und Nutzungs-Einschränkungen;Standardsierte Seekarten, die in allen Geräten nutzbar sind","Layout der Karten;Funktionalität;Regelmäßige Updates","Herstellersupport","Sporadisch nach Bedarf","ja","ja","Ist angemessen","Ist angemessen","Garmin / Boating (Navionics)","Seegebiete;Hafeninformationen;Tiefenangaben;Tiefenlinien;Seezeichen;Leuchtfeuer und Lichtsignale;Tieden- und Strömungsdaten;Aktualitätsdatum der Seekarte;Gefahrenstellen","2D-Tiefenkontur;Interaktive Informationen für Kartenobjekte;Überlagerung von Wetterdaten;Überlagerung von Tieden und Strömungsdaten;Hervorhebung von Sperrzonen","Position, AIS SIgnale, Navigationsdaten","nein"
"2025/11/03 11:07:34 AM MEZ","Ausschließlich elektronische Seekarten","Ich plane meine Routen damit;Ich lasse mir Borddaten anzeigen","Freie Seekarten ohne Verschlüsseliung und Nutzungs-Einschränkungen;Standardsierte Seekarten, die in allen Geräten nutzbar sind;Offene Seekarten, die ich auch anderweitig verwenden kann","Regelmäßige Updates","Updatezwang;Herstellersupport;Lizenzregeln","Sporadisch nach Bedarf","ja","nein","Ist angemessen","Ist angemessen","O-Charts;Freie Seekarten;Kartenwerft","Seegebiete;Hafeninformationen;Tiefenangaben;Tiefenlinien;Seezeichen;Leuchtfeuer und Lichtsignale;Aktualitätsdatum der Seekarte","Überblendeffekte zu anderen Karten wie z.B. Satellitenbildern;Interaktive Informationen für Kartenobjekte;Einstellbare Tiefengrenze;Hervorhebung von Sperrzonen","Portabilität (OpenCPN...)","nein"
"2025/11/03 1:19:18 PM MEZ","Ausschließlich elektronische Seekarten","Ich plane meine Routen damit;Ich fahre nach den geplanten Routen","Freie Seekarten ohne Verschlüsseliung und Nutzungs-Einschränkungen;Standardsierte Seekarten, die in allen Geräten nutzbar sind","Layout der Karten;Funktionalität;Regelmäßige Updates","Preis","Jedes halbe Jahr","ja","nein","Ist angemessen","Ist zu teuer","Garmin / Boating (Navionics);NV-Charts","Seegebiete;Tiefenangaben;Tiefenlinien;Seezeichen;Leuchtfeuer und Lichtsignale;Tieden- und Strömungsdaten","2D-Tiefenkontur;Überlagerung von Wetterdaten;Überlagerung von Tieden und Strömungsdaten;Einstellbare Tiefengrenze;Hervorhebung von Sperrzonen","Ich habe keine Meinung dazu","nein"
"2025/11/03 7:46:59 PM MEZ","Ausschließlich elektronische Seekarten","Nur zur Anzeige des Standortes;Ich fahre nach den geplanten Routen","Als verschlüsselte Datei auf einem standardisierten Datenträger wie SD-Card;Freie Seekarten ohne Verschlüsseliung und Nutzungs-Einschränkungen;Seekarten fest verbunden mit Hardware;Offene Seekarten, die ich auch anderweitig verwenden kann","Layout der Karten;Funktionalität","Updatezwang;Preis;Lizenzregeln","Sporadisch nach Bedarf","ja","ja","Ist angemessen","Ist zu teuer","Garmin / Boating (Navionics);NV-Charts;Skippo App","Seegebiete;Hafeninformationen;Tiefenangaben;Tiefenlinien;Seezeichen;Leuchtfeuer und Lichtsignale;Ankerplätze;Gefahrenstellen","2D-Tiefenkontur;Überlagerung von Wetterdaten;Überlagerung von Tieden und Strömungsdaten","Routing Möglichkeit",""
"2025/11/03 8:01:00 PM MEZ","Öfter in Verbindung mit Papierkarten","Ich plane meine Routen damit;Ich fahre nach den geplanten Routen;Ich lasse mir Borddaten anzeigen;Tracking ","Als verschlüsselte Datei auf einem standardisierten Datenträger wie SD-Card;Standardsierte Seekarten, die in allen Geräten nutzbar sind;Offene Seekarten, die ich auch anderweitig verwenden kann","Funktionalität;Regelmäßige Updates;Herstellersupport;Preis","Nix","Sporadisch nach Bedarf","nein","ja","Ist angemessen","Ist angemessen","O-Charts;Freie Seekarten","Landgebiete;Seegebiete;Hafeninformationen;Tiefenangaben;Tiefenlinien;Seezeichen;Leuchtfeuer und Lichtsignale;Tieden- und Strömungsdaten;Aktualitätsdatum der Seekarte;Ankerplätze;Gefahrenstellen","2D-Tiefenkontur;Interaktive Informationen für Kartenobjekte;Überlagerung von Wetterdaten;Überlagerung von Tieden und Strömungsdaten;Einstellbare Tiefengrenze;Hervorhebung von Sperrzonen","zügige Updates, Info über Stand/NfS","nein"
"2025/11/04 12:33:14 AM MEZ","Ausschließlich elektronische Seekarten","Nur zur Anzeige des Standortes;Ich plane meine Routen damit;Ich fahre nach den geplanten Routen;Ich benutze sie auch in Verbindung mit einem Autopiloten;Ich lasse mir Borddaten anzeigen","Als verschlüsselte Datei auf einem standardisierten Datenträger wie SD-Card;Freie Seekarten ohne Verschlüsseliung und Nutzungs-Einschränkungen;Standardsierte Seekarten, die in allen Geräten nutzbar sind","Layout der Karten;Funktionalität;Regelmäßige Updates","Updatezwang;Herstellersupport;Preis;Lizenzregeln","Sporadisch nach Bedarf","ja","nein","Ist zu teuer","Ist zu teuer","Garmin / Boating (Navionics)","Landgebiete;Seegebiete;Hafeninformationen;Tiefenangaben;Tiefenlinien;Seezeichen;Leuchtfeuer und Lichtsignale;Tieden- und Strömungsdaten;Aktualitätsdatum der Seekarte;Ankerplätze;Gefahrenstellen","2D-Tiefenkontur;Interaktive Informationen für Kartenobjekte;Einstellbare Tiefengrenze;Hervorhebung von Sperrzonen","Auf mehr als nur einem Gerät nutzbar ","nein"
"2025/11/04 7:36:53 AM MEZ","Ausschließlich elektronische Seekarten","Nur zur Anzeige des Standortes;Ich lasse mir Borddaten anzeigen","Online Live-Seekarten mit Cloudanbindung auf aktuellstem Stand;Freie Seekarten ohne Verschlüsseliung und Nutzungs-Einschränkungen;Standardsierte Seekarten, die in allen Geräten nutzbar sind","Layout der Karten;Funktionalität","Updatezwang;Lizenzregeln","Sporadisch nach Bedarf","ja","nein","Ist zu teuer","Ist zu teuer","Freie Seekarten","Landgebiete","3D-Kontur am Tiefenmap;Überblendeffekte zu anderen Karten wie z.B. Satellitenbildern;Überlagerung von Wetterdaten;Einstellbare Tiefengrenze;Hervorhebung von Sperrzonen","Ich habe keine Meinung dazu","nein"
"2025/11/04 9:20:18 AM MEZ","Ausschließlich elektronische Seekarten","Ich plane meine Routen damit;Ich fahre nach den geplanten Routen;Ich lasse mir Borddaten anzeigen","Als verschlüsselte Datei auf einem standardisierten Datenträger wie SD-Card;Freie Seekarten ohne Verschlüsseliung und Nutzungs-Einschränkungen;Standardsierte Seekarten, die in allen Geräten nutzbar sind","Funktionalität;Regelmäßige Updates","Preis;Lizenzregeln","Sporadisch nach Bedarf","ja","ja","Ist zu teuer","Ist zu teuer","Garmin / Boating (Navionics)","Seegebiete;Hafeninformationen;Tiefenangaben;Tiefenlinien;Seezeichen","2D-Tiefenkontur;Interaktive Informationen für Kartenobjekte;Überlagerung von Tieden und Strömungsdaten;Hervorhebung von Sperrzonen","Ich habe keine Meinung dazu","nein"
"2025/11/04 9:48:34 AM MEZ","Öfter in Verbindung mit Papierkarten","Ich plane meine Routen damit;Ich fahre nach den geplanten Routen;Ich benutze sie auch in Verbindung mit einem Autopiloten;Ich lasse mir Borddaten anzeigen","Freie Seekarten ohne Verschlüsseliung und Nutzungs-Einschränkungen;Standardsierte Seekarten, die in allen Geräten nutzbar sind;Offene Seekarten, die ich auch anderweitig verwenden kann","Layout der Karten;Funktionalität;Regelmäßige Updates","Preis;Lizenzregeln","Jedes halbe Jahr","ja","nein","Ist zu teuer","Ist zu teuer","Garmin / Boating (Navionics);NV-Charts;O-Charts;Freie Seekarten;Selbst erstellte oder eingescannte Seekarten","Tiefenangaben;Tiefenlinien;Seezeichen;Leuchtfeuer und Lichtsignale","2D-Tiefenkontur;Einstellbare Tiefengrenze;Hervorhebung von Sperrzonen","Verlässlichkeit, Korrektheit, Aktualität","nein"
"2025/11/04 11:17:19 AM MEZ","Ausschließlich elektronische Seekarten","Ich plane meine Routen damit;Ich fahre nach den geplanten Routen;Ich benutze sie auch in Verbindung mit einem Autopiloten","Als verschlüsselte Datei auf einem standardisierten Datenträger wie SD-Card","Layout der Karten;Regelmäßige Updates","Preis","Jedes halbe Jahr","ja","ja","Ist angemessen","Ist zu teuer","Garmin / Boating (Navionics);Niederländische Navigations App","Seegebiete;Tiefenangaben;Tiefenlinien;Seezeichen;Tieden- und Strömungsdaten;Aktualitätsdatum der Seekarte;Gefahrenstellen","2D-Tiefenkontur;Überblendeffekte zu anderen Karten wie z.B. Satellitenbildern;Interaktive Informationen für Kartenobjekte;Überlagerung von Tieden und Strömungsdaten","Aktualität, Genauigkeit ","nein"
"2025/11/04 12:03:56 PM MEZ","Ausschließlich elektronische Seekarten","Ich plane meine Routen damit;Ich fahre nach den geplanten Routen","Online Live-Seekarten mit Cloudanbindung auf aktuellstem Stand","Layout der Karten;Regelmäßige Updates;Herstellersupport","Preis","Sporadisch nach Bedarf","ja","ja","Ist zu teuer","Ist zu teuer","Garmin / Boating (Navionics);Orca","Seegebiete;Tiefenangaben;Tiefenlinien;Seezeichen;Leuchtfeuer und Lichtsignale;Gefahrenstellen","2D-Tiefenkontur;Einstellbare Tiefengrenze;Hervorhebung von Sperrzonen","Ich habe keine Meinung dazu","nein"
"2025/11/04 1:31:05 PM MEZ","Ausschließlich elektronische Seekarten","Ich plane meine Routen damit","Online Live-Seekarten mit Cloudanbindung auf aktuellstem Stand;Freie Seekarten ohne Verschlüsseliung und Nutzungs-Einschränkungen;Standardsierte Seekarten, die in allen Geräten nutzbar sind;Offene Seekarten, die ich auch anderweitig verwenden kann","Layout der Karten;Funktionalität;Regelmäßige Updates","wenn staatliche, durch steuern erhobene seekarten, auch nur komerziell angeboten werden","Ein Mal im Jahr","ja","ja","Ist angemessen","Ist zu teuer","Garmin / Boating (Navionics);O-Charts;Freie Seekarten","Landgebiete;Seegebiete;Hafeninformationen;Tiefenangaben;Tiefenlinien;Seezeichen;Leuchtfeuer und Lichtsignale;Ankerplätze;Gefahrenstellen","2D-Tiefenkontur;Überblendeffekte zu anderen Karten wie z.B. Satellitenbildern;Interaktive Informationen für Kartenobjekte;Überlagerung von Wetterdaten;Überlagerung von Tieden und Strömungsdaten;Individuell gestaltbare Karten bzgl. Land- und Wassermassen;Hervorhebung von Sperrzonen","Dass es freie Seekarten gibt, gespeist aus oeffentlichen quellen.","nein"
"2025/11/04 4:43:30 PM MEZ","Ausschließlich elektronische Seekarten","Ich plane meine Routen damit;Ich fahre nach den geplanten Routen;Ich benutze sie auch in Verbindung mit einem Autopiloten","Online Live-Seekarten mit Cloudanbindung auf aktuellstem Stand;Standardsierte Seekarten, die in allen Geräten nutzbar sind;Offene Seekarten, die ich auch anderweitig verwenden kann","Funktionalität;Regelmäßige Updates","Layout der Karten;Updatezwang;Preis","Ein Mal im Jahr","nein","ja","Ist angemessen","Ist zu teuer","Garmin / Boating (Navionics);Elektronische Seekarten des Plotterherstellers;Freie Seekarten;Wärtsila ISailor","Seegebiete;Hafeninformationen;Tiefenangaben;Tiefenlinien;Seezeichen;Leuchtfeuer und Lichtsignale;Tieden- und Strömungsdaten;Ankerplätze;Gefahrenstellen","2D-Tiefenkontur;Interaktive Informationen für Kartenobjekte;Überlagerung von Tieden und Strömungsdaten;Einstellbare Tiefengrenze;Hervorhebung von Sperrzonen","Nachtmodus mit besonderer Anzeige der Befeuerung","nein"
"2025/11/06 12:50:00 PM MEZ","Öfter in Verbindung mit Papierkarten","Nur zur Anzeige des Standortes;Ich plane meine Routen damit;Ich fahre nach den geplanten Routen;Ich benutze sie auch in Verbindung mit einem Autopiloten","Online Live-Seekarten mit Cloudanbindung auf aktuellstem Stand;Als verschlüsselte Datei auf einem standardisierten Datenträger wie SD-Card","Layout der Karten;Funktionalität;Regelmäßige Updates","Herstellersupport;Preis;Lizenzregeln","Ein Mal im Jahr","ja","nein","Ist zu teuer","Ist zu teuer","NV-Charts","Seegebiete;Hafeninformationen;Tiefenangaben;Tiefenlinien;Seezeichen;Leuchtfeuer und Lichtsignale;Tieden- und Strömungsdaten;Gefahrenstellen","3D-Kontur am Tiefenmap;Überblendeffekte zu anderen Karten wie z.B. Satellitenbildern;Interaktive Informationen für Kartenobjekte;Überlagerung von Wetterdaten;Überlagerung von Tieden und Strömungsdaten;Individuell gestaltbare Karten bzgl. Land- und Wassermassen;Einstellbare Tiefengrenze;Hervorhebung von Sperrzonen","Ich habe keine Meinung dazu","nein"
"2025/11/06 1:59:21 PM MEZ","Öfter in Verbindung mit Papierkarten","Ich plane meine Routen damit;Ich benutze sie auch in Verbindung mit einem Autopiloten","Freie Seekarten ohne Verschlüsseliung und Nutzungs-Einschränkungen;Standardsierte Seekarten, die in allen Geräten nutzbar sind;Offene Seekarten, die ich auch anderweitig verwenden kann;Einfach Update-fähig","Layout der Karten;Funktionalität;Regelmäßige Updates","Updatezwang;Herstellersupport;Preis;Lizenzregeln","Sporadisch nach Bedarf","ja","nein","Ist zu teuer","Ist zu teuer","Garmin / Boating (Navionics)","Landgebiete;Seegebiete;Hafeninformationen;Tiefenangaben;Tiefenlinien;Seezeichen;Leuchtfeuer und Lichtsignale;Tieden- und Strömungsdaten;Aktualitätsdatum der Seekarte;Ankerplätze;Gefahrenstellen;Eddis, Overfalls & Co","2D-Tiefenkontur;3D-Kontur am Tiefenmap;Überblendeffekte zu anderen Karten wie z.B. Satellitenbildern;Interaktive Informationen für Kartenobjekte;Überlagerung von Wetterdaten;Überlagerung von Tieden und Strömungsdaten;Individuell gestaltbare Karten bzgl. Land- und Wassermassen;Einstellbare Tiefengrenze;Hervorhebung von Sperrzonen","Sichere Navigation","Tolles Projekt. Gutes Gelingen!"
"2025/11/06 2:19:27 PM MEZ","Ausschließlich elektronische Seekarten","Ich plane meine Routen damit","Online Live-Seekarten mit Cloudanbindung auf aktuellstem Stand;Freie Seekarten ohne Verschlüsseliung und Nutzungs-Einschränkungen","Funktionalität","Preis","Sporadisch nach Bedarf","ja","nein","Ist zu teuer","Ist zu teuer","NV-Charts;Freie Seekarten","Seegebiete;Hafeninformationen;Leuchtfeuer und Lichtsignale;Ankerplätze","2D-Tiefenkontur","Ich habe keine Meinung dazu","nein"
"2025/11/06 3:51:05 PM MEZ","Ausschließlich elektronische Seekarten","Nur zur Anzeige des Standortes;Ich plane meine Routen damit;Ich fahre nach den geplanten Routen;Ich benutze sie auch in Verbindung mit einem Autopiloten","Freie Seekarten ohne Verschlüsseliung und Nutzungs-Einschränkungen;Offene Seekarten, die ich auch anderweitig verwenden kann","nichts","nichts","Überhaupt nicht","nein","ja","Könnte auch teurer sein","Könnte auch teurer sein","Freie Seekarten;Selbst erstellte oder eingescannte Seekarten","Tieden- und Strömungsdaten;Aktualitätsdatum der Seekarte","2D-Tiefenkontur;Überblendeffekte zu anderen Karten wie z.B. Satellitenbildern;Interaktive Informationen für Kartenobjekte;Überlagerung von Wetterdaten;Überlagerung von Tieden und Strömungsdaten;Individuell gestaltbare Karten bzgl. Land- und Wassermassen;Einstellbare Tiefengrenze","alle Eigenschften, die ein ECDIS bietet","nein"
"2025/11/06 5:11:15 PM MEZ","Ausschließlich elektronische Seekarten","Nur zur Anzeige des Standortes;Ich fahre nach den geplanten Routen","Als verschlüsselte Datei auf einem standardisierten Datenträger wie SD-Card;Seekarten fest verbunden mit Hardware","Layout der Karten;Funktionalität;Herstellersupport","Preis;Lizenzregeln","Sporadisch nach Bedarf","ja","nein","Ist zu teuer","Ist zu teuer","Garmin / Boating (Navionics)","Landgebiete;Seegebiete;Hafeninformationen;Tiefenangaben;Tiefenlinien;Seezeichen;Leuchtfeuer und Lichtsignale;Tieden- und Strömungsdaten;Aktualitätsdatum der Seekarte;Ankerplätze;Gefahrenstellen","2D-Tiefenkontur;Interaktive Informationen für Kartenobjekte;Überlagerung von Wetterdaten;Überlagerung von Tieden und Strömungsdaten;Einstellbare Tiefengrenze;Hervorhebung von Sperrzonen","Ich habe keine Meinung dazu","nein"
"2025/11/06 10:31:34 PM MEZ","Ausschließlich elektronische Seekarten","Nur zur Anzeige des Standortes;Ich benutze sie auch in Verbindung mit einem Autopiloten","Freie Seekarten ohne Verschlüsseliung und Nutzungs-Einschränkungen;Standardsierte Seekarten, die in allen Geräten nutzbar sind","Layout der Karten;Funktionalität","Updatezwang;Herstellersupport;Lizenzregeln","Sporadisch nach Bedarf","ja","nein","Ist zu teuer","Ist zu teuer","Raymarine;Yacht navigator (leider schon lange nicht mehr aktuell)","Seegebiete;Tiefenangaben;Tiefenlinien;Seezeichen;Leuchtfeuer und Lichtsignale;Aktualitätsdatum der Seekarte;Gefahrenstellen","Überblendeffekte zu anderen Karten wie z.B. Satellitenbildern;Interaktive Informationen für Kartenobjekte;Überlagerung von Wetterdaten;Überlagerung von Tieden und Strömungsdaten;Einstellbare Tiefengrenze;Hervorhebung von Sperrzonen","Ich habe keine Meinung dazu","nein"
"2025/11/07 8:17:20 AM MEZ","Öfter in Verbindung mit Papierkarten","Ich fahre nach den geplanten Routen","Standardsierte Seekarten, die in allen Geräten nutzbar sind","Layout der Karten;Funktionalität;Regelmäßige Updates","Lizenzregeln","Sporadisch nach Bedarf","ja","nein","Ist angemessen","Ist zu teuer","NV-Charts;Stentec","Seegebiete;Hafeninformationen;Tiefenangaben;Tiefenlinien;Seezeichen;Leuchtfeuer und Lichtsignale;Aktualitätsdatum der Seekarte;Ankerplätze;Gefahrenstellen","2D-Tiefenkontur;Hervorhebung von Sperrzonen","Ich habe keine Meinung dazu","nein"
"2025/11/07 11:33:30 AM MEZ","Ausschließlich elektronische Seekarten","Nur zur Anzeige des Standortes;Ich plane meine Routen damit;Ich lasse mir Borddaten anzeigen","Online Live-Seekarten mit Cloudanbindung auf aktuellstem Stand;Freie Seekarten ohne Verschlüsseliung und Nutzungs-Einschränkungen;Standardsierte Seekarten, die in allen Geräten nutzbar sind;Offene Seekarten, die ich auch anderweitig verwenden kann","Layout der Karten;Funktionalität;Regelmäßige Updates;Herstellersupport","Updatezwang;Lizenzregeln","Jedes halbe Jahr","ja","nein","Ist zu teuer","Ist zu teuer","Garmin / Boating (Navionics);NV-Charts","Seegebiete;Hafeninformationen;Tiefenangaben;Tiefenlinien;Seezeichen;Leuchtfeuer und Lichtsignale;Tieden- und Strömungsdaten;Aktualitätsdatum der Seekarte;Ankerplätze;Gefahrenstellen","2D-Tiefenkontur;Überblendeffekte zu anderen Karten wie z.B. Satellitenbildern;Interaktive Informationen für Kartenobjekte;Überlagerung von Wetterdaten;Überlagerung von Tieden und Strömungsdaten;Einstellbare Tiefengrenze;Hervorhebung von Sperrzonen","Ich habe keine Meinung dazu","nein"
"2025/11/07 11:59:09 AM MEZ","Ausschließlich elektronische Seekarten","Ich plane meine Routen damit;Ich fahre nach den geplanten Routen","Freie Seekarten ohne Verschlüsseliung und Nutzungs-Einschränkungen;Standardsierte Seekarten, die in allen Geräten nutzbar sind;Offene Seekarten, die ich auch anderweitig verwenden kann","Layout der Karten;Funktionalität;Regelmäßige Updates","Updatezwang;Herstellersupport;Preis;Lizenzregeln","Sporadisch nach Bedarf","ja","nein","Ist zu teuer","Ist zu teuer","Garmin / Boating (Navionics);NV-Charts","Seegebiete;Hafeninformationen;Tiefenangaben;Tiefenlinien;Seezeichen;Leuchtfeuer und Lichtsignale;Aktualitätsdatum der Seekarte;Gefahrenstellen","Überblendeffekte zu anderen Karten wie z.B. Satellitenbildern;Interaktive Informationen für Kartenobjekte;Überlagerung von Wetterdaten;Hervorhebung von Sperrzonen","Ich habe keine Meinung dazu","nein"
"2025/11/07 4:36:49 PM MEZ","Öfter in Verbindung mit Papierkarten","Ich plane meine Routen damit;Ich fahre nach den geplanten Routen;Ich benutze sie auch in Verbindung mit einem Autopiloten","Freie Seekarten ohne Verschlüsseliung und Nutzungs-Einschränkungen;Standardsierte Seekarten, die in allen Geräten nutzbar sind","Regelmäßige Updates","Layout der Karten;Lizenzregeln","Sporadisch nach Bedarf","ja","nein","Ist zu teuer","Ist zu teuer","Garmin / Boating (Navionics);NV-Charts;O-Charts;Freie Seekarten","Seegebiete;Tiefenangaben;Seezeichen;Leuchtfeuer und Lichtsignale;Ankerplätze;Gefahrenstellen","2D-Tiefenkontur;Hervorhebung von Sperrzonen","Ich habe keine Meinung dazu","nein"
"2025/11/09 7:41:22 PM MEZ","Öfter in Verbindung mit Papierkarten","Ich plane meine Routen damit;Ich fahre nach den geplanten Routen;Ich benutze sie auch in Verbindung mit einem Autopiloten","Als verschlüsselte Datei auf einem standardisierten Datenträger wie SD-Card;o-chart","Layout der Karten;Funktionalität;Regelmäßige Updates","Preis","Sporadisch nach Bedarf","ja","ja","Ist angemessen","Ist angemessen","O-Charts","Seegebiete;Tiefenangaben;Tiefenlinien;Leuchtfeuer und Lichtsignale;Tieden- und Strömungsdaten","Interaktive Informationen für Kartenobjekte;Überlagerung von Tieden und Strömungsdaten;Hervorhebung von Sperrzonen","Tiefenangaben, Leuchtfeuer, Landmarken, Sperrgebiete","nein"
"2025/11/09 10:38:06 PM MEZ","Ausschließlich elektronische Seekarten","Ich plane meine Routen damit;Ich fahre nach den geplanten Routen","Online Live-Seekarten mit Cloudanbindung auf aktuellstem Stand;Als verschlüsselte Datei auf einem standardisierten Datenträger wie SD-Card;Freie Seekarten ohne Verschlüsseliung und Nutzungs-Einschränkungen;Standardsierte Seekarten, die in allen Geräten nutzbar sind;Offene Seekarten, die ich auch anderweitig verwenden kann","Layout der Karten;Funktionalität;Regelmäßige Updates","Lizenzregeln","Sporadisch nach Bedarf","ja","ja","Ist zu teuer","Ist zu teuer","NV-Charts;O-Charts","Seegebiete;Hafeninformationen;Tiefenangaben;Tiefenlinien;Seezeichen;Leuchtfeuer und Lichtsignale;Tieden- und Strömungsdaten;Aktualitätsdatum der Seekarte;Gefahrenstellen","2D-Tiefenkontur;Interaktive Informationen für Kartenobjekte;Überlagerung von Wetterdaten;Überlagerung von Tieden und Strömungsdaten;Einstellbare Tiefengrenze;Hervorhebung von Sperrzonen","Ich habe keine Meinung dazu","nein"
"2025/11/11 6:42:20 AM MEZ","Öfter in Verbindung mit Papierkarten","Ich plane meine Routen damit;Ich fahre nach den geplanten Routen","Online Live-Seekarten mit Cloudanbindung auf aktuellstem Stand;Freie Seekarten ohne Verschlüsseliung und Nutzungs-Einschränkungen;Standardsierte Seekarten, die in allen Geräten nutzbar sind","Layout der Karten;Funktionalität;Regelmäßige Updates;Herstellersupport;Preis;Lizenzregeln","Preis","Ein Mal im Jahr","ja","ja","Ist zu teuer","Ist zu teuer","NV-Charts;Freie Seekarten;Selbst erstellte oder eingescannte Seekarten","Seegebiete;Tiefenangaben;Tiefenlinien;Seezeichen;Leuchtfeuer und Lichtsignale;Aktualitätsdatum der Seekarte;Ankerplätze;Gefahrenstellen","Überlagerung von Wetterdaten;Überlagerung von Tieden und Strömungsdaten;Einstellbare Tiefengrenze;Hervorhebung von Sperrzonen","Verläßlichkeit","nein"
"2025/11/11 7:17:39 AM MEZ","Öfter in Verbindung mit Papierkarten","Nur zur Anzeige des Standortes;Ich plane meine Routen damit","Freie Seekarten ohne Verschlüsseliung und Nutzungs-Einschränkungen;Standardsierte Seekarten, die in allen Geräten nutzbar sind","Regelmäßige Updates","Preis;Lizenzregeln","Sporadisch nach Bedarf","ja","nein","Ist angemessen","Ist zu teuer","Navionics","Seegebiete;Hafeninformationen;Tiefenangaben;Tiefenlinien;Seezeichen;Leuchtfeuer und Lichtsignale;Gefahrenstellen","2D-Tiefenkontur","Ich habe keine Meinung dazu","nein"
"2025/11/11 9:46:08 AM MEZ","Ausschließlich elektronische Seekarten","Ich plane meine Routen damit;Ich fahre nach den geplanten Routen;Ich benutze sie auch in Verbindung mit einem Autopiloten;Ich lasse mir Borddaten anzeigen","Als verschlüsselte Datei auf einem standardisierten Datenträger wie SD-Card;Freie Seekarten ohne Verschlüsseliung und Nutzungs-Einschränkungen;Seekarten fest verbunden mit Hardware;Standardsierte Seekarten, die in allen Geräten nutzbar sind;Offene Seekarten, die ich auch anderweitig verwenden kann","Layout der Karten;Funktionalität;Regelmäßige Updates;Herstellersupport","Preis;Lizenzregeln","Überhaupt nicht","ja","ja","Ist zu teuer","Ist zu teuer","Garmin / Boating (Navionics);C-Map;O-Charts","Seegebiete;Hafeninformationen;Tiefenangaben;Tiefenlinien;Seezeichen;Leuchtfeuer und Lichtsignale;Tieden- und Strömungsdaten;Aktualitätsdatum der Seekarte;Ankerplätze;Gefahrenstellen","2D-Tiefenkontur;Überblendeffekte zu anderen Karten wie z.B. Satellitenbildern;Einstellbare Tiefengrenze;Hervorhebung von Sperrzonen","Ich habe keine Meinung dazu","nein"
"2025/11/12 8:21:16 AM MEZ","Ausschließlich elektronische Seekarten","Ich plane meine Routen damit;Ich fahre nach den geplanten Routen","Freie Seekarten ohne Verschlüsseliung und Nutzungs-Einschränkungen","Layout der Karten","Preis;Lizenzregeln","Sporadisch nach Bedarf","ja","nein","Ist zu teuer","Ist zu teuer","C-Map;O-Charts","Tiefenangaben;Tiefenlinien;Seezeichen;Gefahrenstellen","2D-Tiefenkontur;Überlagerung von Wetterdaten;Hervorhebung von Sperrzonen","Ich habe keine Meinung dazu","nein"
"2025/11/12 10:49:06 AM MEZ","Öfter in Verbindung mit Papierkarten","Ich fahre nach den geplanten Routen;Ich benutze sie auch in Verbindung mit einem Autopiloten","Freie Seekarten ohne Verschlüsseliung und Nutzungs-Einschränkungen","Regelmäßige Updates;Preis;Lizenzregeln;Bezieht sich ausschließlich auf die o-charts","Layout der Karten;Herstellersupport;Bezieht sich ausschließlich auf die o-charts","Jedes halbe Jahr","ja","nein","Ist angemessen","Ist zu teuer","Freie Seekarten;Selbst erstellte oder eingescannte Seekarten","Seegebiete;Tiefenangaben;Tiefenlinien;Seezeichen;Leuchtfeuer und Lichtsignale;Aktualitätsdatum der Seekarte","Interaktive Informationen für Kartenobjekte;Überlagerung von Wetterdaten;Überlagerung von Tieden und Strömungsdaten;Einstellbare Tiefengrenze;Hervorhebung von Sperrzonen;Hafeninformationen, Schleusen-/Brückensignale, UKW-Kanäle","Aktualität","nein"
"2025/11/13 8:05:00 AM MEZ","Öfter in Verbindung mit Papierkarten","Ich plane meine Routen damit;Ich fahre nach den geplanten Routen;Ich lasse mir Borddaten anzeigen","Als verschlüsselte Datei auf einem standardisierten Datenträger wie SD-Card;Freie Seekarten ohne Verschlüsseliung und Nutzungs-Einschränkungen;Standardsierte Seekarten, die in allen Geräten nutzbar sind;Offene Seekarten, die ich auch anderweitig verwenden kann","Layout der Karten;Funktionalität;Regelmäßige Updates","Updatezwang;Herstellersupport;Preis;wird nicht von opencpn unterstützt ","Sporadisch nach Bedarf","ja","nein","Ist zu teuer","Ist zu teuer","Garmin / Boating (Navionics);C-Map;O-Charts","Seegebiete;Hafeninformationen;Tiefenangaben;Tiefenlinien;Seezeichen;Leuchtfeuer und Lichtsignale;Tieden- und Strömungsdaten;Aktualitätsdatum der Seekarte;Gefahrenstellen;NL Binnen","2D-Tiefenkontur;Überblendeffekte zu anderen Karten wie z.B. Satellitenbildern;Interaktive Informationen für Kartenobjekte;Überlagerung von Wetterdaten;Überlagerung von Tieden und Strömungsdaten;Einstellbare Tiefengrenze;Hervorhebung von Sperrzonen","tide, tiefen, aktualität","nein"